restaurant_name,locality,address,cuisines_0,cuisines_1,cuisines_2,cuisines_3,cuisines_4,cuisines_5,cuisines_6,cuisines_7
Meghana Foods,Koramangala 5th Block,124 KHB Colony 1st Cross Near Jyothi Nivas College Koramangala 5th Block Bangalore,Biryani, Andhra, North Indian, Seafood, , , , 
Al Daaz,HSR,64 & 65 27th Main Road Sector 1 HSR Bangalore,North Indian, Continental, BBQ, , , , , 
Al Amanah Cafe,Kammanahalli,20 5th Avenue 5th Main Road Kammanahalli Bangalore,Middle Eastern, Fast Food, Rolls, Wraps, , , , 
Truffles,Koramangala 5th Block,28 4th B Cross Koramangala 5th Block Bangalore,Cafe, American, Burger, Steak, , , , 
Magnolia Bakery,Indiranagar,788 JK Plaza 12th Main Road Indiranagar Bangalore,Bakery, , , , , , , 
Empire Restaurant,Kammanahalli,83 Nehru Main Road Kammanahalli Bangalore,North Indian, Mughlai, South Indian, Chinese, Kerala, Biryani, Beverages, 
Glen's Bakehouse,Lavelle Road,24/1 Lavelle Road Bangalore,Bakery, Cafe, Italian, Desserts, , , , 
KFC,More MegaStore Marathahalli,More Super Market Opposite VIMS Hospital Outer Ring Road Marathahalli Bangalore,Burger, Fast Food, Finger Food, Beverages, , , , 
Kota Kachori,Koramangala 6th Block,635 100 Feet Road Koramangala 6th Block Bangalore,North Indian, Mithai, Street Food, , , , , 
Shivaji Military Hotel,Jayanagar,718 1st C Main 45th Cross 8th Block Jayanagar Bangalore,South Indian, Biryani, , , , , , 
Muthashy's,BTM,3 Brindavan Complex 20th Main Maruthi Nagar Main Road 1st Stage BTM Layout,Kerala, South Indian, Chinese, , , , , 
Imperio Restaurant,Brookefield,3 A Square Plaza Ground Floor ITPL Main Road Near Brookefield Mall Brookefield Bangalore,North Indian, Arabian, Mughlai, Biryani, Seafood, Chinese, , 
Kabab Magic,Jayanagar,1548 East End Circle 9th Block Jayanagar Bangalore,Kebab, North Indian, Chinese, Fast Food, Beverages, , , 
Byg Brewski Brewing Company,Sarjapur Road,Opposite MK Retail Sarjapur Road Bangalore,Continental, North Indian, Italian, South Indian, Finger Food, Pizza, , 
Kalingas,BTM,399 16th Main N.S Palya BTM Bangalore,North Indian, Odia, , , , , , 
CTR,Malleshwaram,7th Cross Margosa Road Malleshwaram Bangalore,South Indian, , , , , , , 
Asha Tiffins,HSR,1170 5th Main Road Sector 7 HSR Bangalore,South Indian, Chinese, North Indian, , , , , 
Cakewala,HSR,461 17th Cross 4th Sector HSR Bangalore,Bakery, , , , , , , 
Sri Jayadurga Biryani,Marathahalli,15 & 16 Srinivasareddy Building Lakshmi Narayana Temple Road Manjunatha Layout Munnekolla Marathahalli Bangalore,Biryani, Andhra, South Indian, , , , , 
Anand Sweets and Savouries,Whitefield,65 Whitefield Main Road Mahadevapura Whitefield Bangalore,Mithai, Street Food, Beverages, , , , , 
Homely Meal Box,JP Nagar,Delivery Only,North Indian, Beverages, , , , , , 
Leon Grill,Koramangala 5th Block,123 KHB 1st Cross Road Koramangala 5th Block Bangalore,American, Burger, Wraps, Fast Food, , , , 
Corner House Ice Cream,Jayanagar,1225 26th Main 9th Block Jayanagar Bangalore,Ice Cream, Desserts, , , , , , 
Vidyarthi Bhavan,Basavanagudi,32 Gandhi Bazaar Near Gandhi Bazaar Circle Basavanagudi Bangalore,South Indian, , , , , , , 
Hyderabadi Spice,Electronic City,70/1 Opposite Wipro Technologies Gate 12 Electronic City Bangalore,Biryani, North Indian, , , , , , 
Bhartiya Jalpan,Indiranagar,1138 13th Main Corner 100 Feet Road Indiranagar Bangalore,North Indian, Street Food, , , , , , 
Kannur Food Point,BTM,Kalyan Mansion Residency Chocolate Factory Road 1st Stage Tavarekere Near Spurthi Hospital BTM Bangalore,Kerala, Chinese, South Indian, Beverages, , , , 
Biryani Day,Marathahalli,389/2 7th Cross Jayammamuni Reddy Building Tulsi Theatre Road Marathahalli Bangalore,North Indian, Chinese, Biryani, , , , , 
Kritunga Restaurant,Marathahalli,Opposite To More Mega Store Outer Ring Road Marathahalli Bangalore,Andhra, Biryani, North Indian, Chinese, South Indian, , , 
Burger Seigneur,Indiranagar,35 80 Feet Road Indiranagar Bangalore,Cafe, Fast Food, , , , , , 
Domino's Pizza,Marathahalli,71 Mahadevpura Hobli Marathahalli Bangalore,Pizza, Fast Food, , , , , , 
Barbeque Nation,JP Nagar,67 15th Cross 6th B Main JP Nagar Bangalore,North Indian, Mughlai, Desserts, Beverages, , , , 
MISU,St. Marks Road,4th Floor Building 9 Halcyon Complex St. Marks Road Bangalore,Asian, Japanese, Thai, Burmese, Korean, Indonesian, Vietnamese,
Oyster,HSR,36 3rd Floor 14th Main Road Sector 7 HSR Bangalore,Bar Food, Chinese, North Indian, , , , , 
Orbis Restaurant,Brookefield,519 60 Feet Road AECS Layout Kundalahalli Brookefield Bangalore,Arabian, North Indian, Chinese, Mughlai, Fast Food, , , 
Toit,Indiranagar,298 100 Feet Road Namma Metro Pillar 62 Indiranagar Bangalore,Italian, American, Modern Indian, , , , , 
HSR High Street,HSR,235 9th Main Sector 6 HSR Bangalore,Hyderabadi, North Indian, South Indian, Biryani, Chinese, , , 
Al-Bek,Rajajinagar,349 350 1A/87 Dr Rajkumar Road 6th Block Rajaji Nagar Industrial Town Rajajinagar Bangalore,Mughlai, Kebab, Biryani, North Indian, Chinese, , , 
Pasta Street,Koramangala 4th Block,751 80 Feet Road Opposite SBI Bank Koramangala 4th Block Bangalore,Italian, Pizza, Salad, Beverages, , , , 
Karama Restaurant,Frazer Town,55 Mosque Road Frazer Town Bangalore,Mughlai, Arabian, Seafood, North Indian, , , , 
Rolls & Bowls,Brookefield,Shop 3 279 8th Main Road BEML Layout 6th Stage Brookefield Bangalore,Rolls, Chinese, , , , , , 
The Big Barbeque,Marathahalli,88 2nd Floor Outer Ring Road Near More Supermarket Marathahalli Bangalore,North Indian, Continental, Chinese, Pizza, Beverages, Desserts, , 
Saapaad,Koramangala 6th Block,508 6th Cross Road Koramangala 6th Block Bangalore,South Indian, Biryani, Beverages, , , , , 
Halli Jonne Biriyani,Jayanagar,44/4 13th Main Near Vivekanand School 4th Block Jayanagar East Jayanagar Bangalore,Biryani, North Indian, , , , , , 
Le Arabia,Basaveshwara Nagar,11th Main Road Bimajyothi LIC Colony Basaveshwara Nagar Bangalore,North Indian, Mughlai, Chinese, Kerala, Biryani, Beverages, Desserts, 
Nando's,Indiranagar,1088 12th Main HAL 2nd Stage Off 100 Feet Road Indiranagar Bangalore,Portuguese, Wraps, Burger, Salad, , , , 
McDonald's,Brookefield,736 Near Tata Motors Kundanahalli Road Brookefield Bangalore,Burger, Fast Food, , , , , , 
92 Cafe Colony,Banashankari,241 4th Floor Outer Ring Road Opposite Kamakya Theatre 3rd Stage Banashankari Bangalore,Cafe, Continental, Chinese, North Indian, Beverages, , , 
Just BLR,Brigade Road,185 1st Floor Deena Complex Brigade Road Bangalore,Bar Food, Continental, North Indian, Italian, Beverages, , , 
Nandhana Palace,Indiranagar,4034 HAL 2nd Stage 100 Feet Road Indiranagar Bangalore,Andhra, Biryani, North Indian, Chinese, , , , 
AB's - Absolute Barbecues,BTM,100 Feet Road 1st Phase Near Jayadeva Flyover 2nd Stage BTM Bangalore,Bar Food, Continental, North Indian, BBQ, , , , 
Kosta Spice,Bellandur,99 AV Bureauex Green Glen Layout Bellandur Bangalore,Andhra, , , , , , , 
Baskin Robbins,Ascendas Park Square Whitefield,4th Floor Park Square Mall ITPB Main Road Whitefield Bangalore,Ice Cream, Desserts, Beverages, , , , , 
Dyu Art Cafe,Koramangala 8th Block,23 KHB - Mig Colony Koramangala 8th Block Bangalore,Cafe, Italian, Continental, Beverages, , , , 
Sagar Hotel,Rajajinagar,1846/72 D Block 4th Cross 3rd Stage Rajajinagar Bangalore,North Indian, Chinese, Street Food, , , , , 
Biergarten,Whitefield,2 Doddanekkundi Whitefield Road Mahadevpura Whitefield Bangalore,Continental, European, BBQ, Chinese, Asian, , , 
Feast - Sheraton Grand Bangalore Hotel at Brigade...,Sheraton Grand Bangalore Hotel at Brigade Gateway,Sheraton Grand Bangalore Hotel Brigade Gateway Malleshwaram Bangalore,North Indian, Continental, Fast Food, Asian, Beverages, , , 
Pot Biryani,New BEL Road,12 Deepak Mansion 2nd Cross MSR College Road Mathikere New BEL Road Bangalore,North Indian, Chinese, Biryani, , , , , 
Waffle Stories,Ascendas Park Square Whitefield,4th Floor Park Square Mall ITPB Main Road Whitefield Bangalore,Desserts, , , , , , , 
Cafe Aurora,JP Nagar,1745 YR Complex 3rd Floor 9th Cross Road 2nd Phase Near HDFC Bank JP Nagar Bangalore,Cafe, American, Italian, Desserts, , , , 
Swarna Fine Dine,Nagarbhavi,793/299 Jaya Arcade 80 Feet Road Old Ring Road Mallathahalli Village Nagarbhavi Bangalore,North Indian, Chinese, Andhra, Seafood, Mughlai, , , 
Meghana Biryani House,Sahakara Nagar,6 B Sector Amruthnagar Sahakara Nagar Post Sahakara Nagar Bangalore,Biryani, Andhra, , , , , , 
eat.fit,BTM,96 29th Main 23rd Cross 2nd Stage BTM Bangalore,Healthy Food, North Indian, Biryani, Continental, Desserts, , , 
WarmOven Cake & Desserts,Brookefield,265 4th Floor 1st Main Road A Block ACES Layout Above Ganesh Bhavan Brookefield Bangalore,Bakery, Desserts, , , , , , 
The Pizza Bakery - Brew & Eatery,Indiranagar,2985 12th Main HAL 2nd Stage Indiranagar Bangalore,Pizza, Continental, Italian, Desserts, Beverages, , , 
Biriyani Zone,Marathahalli,92/5 Outer Ring Road Opposite Innovative Multiplex Marathahalli Bangalore,Biryani, North Indian, Chinese, Seafood, , , , 
Sarposh,Indiranagar,39 1st Floor 80 Feet Road Opposite 12th Main Indiranagar Bangalore,Kashmiri, North Indian, Beverages, , , , , 
The Hole In The Wall Cafe,Koramangala 4th Block,4 8th Main Road Koramangala 4th Block Bangalore,Cafe, American, Burger, , , , , 
Gyani Da Punjabi Dhaba,BTM,16 1st Floor Citi Bank ATM Building 100 Feet Road 20th Main 2nd Stage BTM Bangalore,North Indian, Chinese, , , , , , 
URU Brewpark,JP Nagar,Maratt Estate 4th Phase Near Maratt Pimento JP Nagar Bangalore,Italian, North Indian, Continental, Chinese, Asian, Desserts, , 
Nagarjuna,Bannerghatta Road,174/1 Bannerghatta Main Road Bannerghatta Road Bangalore,Andhra, Biryani, , , , , , 
Street Storyss,Indiranagar,3155 HAL 2nd stage Indiranagar Bangalore,Fast Food, North Indian, Pizza, Beverages, Desserts, , , 
Yo! Chow,Marathahalli,90/3 Sri Sapthagiri Complex Oppsite Innovative Multiplex Outer Ring Road Marathahalli Bangalore,Chinese, Momos, Thai, , , , , 
Dr. Sheesha,JP Nagar,17/17 Deepa Plaza 24th Main Road 1st Phase JP Nagar Bangalore,Chinese, North Indian, Fast Food, Italian, Beverages, , , 
Third Wave Coffee Roasters,Bellandur,571/630/6/4 Survey 6/4 Ground Floor Indiqube Edge Outer Ring Road Ambalipura Bellandur Bangalore,Cafe, Fast Food, Desserts, Beverages, , , , 
Cuppa Redefined,HSR,2734 16th Cross 27th Main Road 1st Sector Main Gate Opposite NIFT College HSR Bangalore,Cafe, Burger, Sandwich, Healthy Food, , , , 
Ranganna Military Hotel,Jayanagar,61 1st Floor KR Road 7th Block Jayanagar Bangalore,South Indian, North Indian, Mughlai, , , , , 
Easy Bites,BTM,1 100 Feet Ring Road 1st Phase 2nd Stage BTM Bangalore,Fast Food, Sandwich, , , , , , 
Attica Biriyani Corner,Vijay Nagar,15 Chandra Badavane Dwarka Nagar 1st Main Vijay Nagar Bangalore,Biryani, Fast Food, , , , , , 
Brik Oven,Church Street,19 Church Street Bangalore,Pizza, Italian, Cafe, Beverages, , , , 
Puchkas,Marathahalli,Silver Springs Layout Marathahalli Bangalore,Street Food, North Indian, Fast Food, , , , , 
Savji's Roll 'N' Biryani,Vijay Nagar,9 Pipeline Road Vijay Nagar Bangalore,North Indian, Chinese, Rolls, Biryani, , , , 
Kanti Sweets,Brookefield,518 VV Arcade1st Main AECS Layout B Block Kundalahalli Brookefield Bangalore,Mithai, Street Food, , , , , , 
Grill & The Goat,Indiranagar,9 8th Cross 2nd Main Road 1st Stage Indiranagar Bangalore,North Indian, Mughlai, Chinese, Beverages, , , , 
Chulha Chauki Da Dhaba,Brookefield,601 3rd Floor C Block AECS Layout Brookefield Bangalore,North Indian, Chinese, Beverages, , , , , 
Biryani Kitchen,Inorbit Mall Whitefield,FB 11 1st Floor Inorbit Mall EPIP Area Whitefield Bangalore,Biryani, , , , , , , 
Burma Burma,Indiranagar,607 Ground Floor 12th Main Hal 2nd Stage Indiranagar Bangalore,Asian, Burmese, Bubble Tea, Salad, Tea, Desserts, Ice Cream, Beverages
Mayuri,JP Nagar,N-7 24th Main Road TMC Layout 1st Phase JP Nagar Bangalore,Andhra, Chinese, North Indian, Mughlai, Biryani, Desserts, , 
Ice Corner,Marathahalli,2nd Floor Survey 88 Munnekolalu Marathahalli Bangalore,Desserts, Ice Cream, Beverages, , , , , 
99 Variety Dosa & Pav Bhaji,Krishna Kuteer HSR,17G 18th Cross 3rd Sector HSR Bangalore,South Indian, Street Food, , , , , , 
Best In The Bowl,BTM,Delivery Only,North Indian, South Indian, Chinese, , , , , 
The Soft Corner,Basavanagudi,Delivery Only,Ice Cream, Desserts, , , , , , 
Hangout Multi Cuisine Restaurant,Bannerghatta Road,1st Floor Sitaram Complex Opposite IIM Main Gate Bannerghatta Road Bangalore,North Indian, South Indian, , , , , , 
Red Rhino,Whitefield,4th Floor Uptown Square Seegehalli Near Alliance 10 Downing Villas Hoskote Road Whitefield Bangalore,North Indian, Continental, Asian, Burger, Desserts, , , 
Mysore Coffee House,Whitefield,9 3rd Cross N S R Layout Ramagondanhalli Extension Nallurahalli Main Road Mahadevapura Whitefield Bangalore,North Indian, , , , , , , 
Udupi Grand Veg,Marathahalli,152/2Opposite Government Hospital Shanbogh Layout Doddanekkundi Marathahalli Bangalore,South Indian, North Indian, Biryani, Beverages, , , , 
Lassi Corner,Brookefield,Delivery Only,Beverages, Ice Cream, Desserts, North Indian, Fast Food, Sandwich, ,
Purani Dilli Se,BTM,24 3rd C Cross 18th Main 2nd Stage Near Canara Bank BTM Bangalore,North Indian, Mughlai, , , , , , 
1441 Pizzeria,Koramangala 5th Block,475/1 Ground Floor KHB Colony Koramangala 5th Block Bangalore,Pizza, Italian, Fast Food, Beverages, , , , 
Fish & Fries Restaurant,HSR,1677 27th Main 22nd Cross Sector 2 Near NIFT College HSR Layout HSR Bangalore,Mangalorean, Italian, Mexican, Fast Food, , , , 
The Pallet,Whitefield,Survey 120/3 Ground Floor HVP Crest ITPL Main Road Rajapalya Hoodi Whitefield Bangalore,Finger Food, North Indian, Continental, Chinese, Italian, , , 
The Fatty Bao - Asian Gastro Bar,Indiranagar,610 3rd Floor 12th Main Off 80 Feet Road Indiranagar Bangalore,Japanese, Sushi, Asian, Chinese, Momos, , , 
Windmills Craftworks,Windmills Craftworks,331 EPIP Area Near KTPO Road 5B Whitefield Bangalore,Continental, North Indian, Kebab, Desserts, , , , 
Hiyar Majhe Kolkata,BTM,23 C BBMP 49 7th Main Road BTM 2nd Stage BTM Bangalore,Bengali, North Indian, Chinese, Biryani, , , , 
Dindigul Thalappakatti,Jayanagar,641 11th Main 46th Cross 5th Block Jayanagar Bangalore,South Indian, Biryani, Chinese, North Indian, , , , 
Aligarh House,Varthur Main Road Whitefield,710 Thubarahalli Varthur Main Road Whitefield Bangalore,Biryani, North Indian, Mughlai, , , , , 
Taproom by Sherlock's,JP Nagar,745 Sarakki 15th Cross Road JP Nagar Bangalore,North Indian, Chinese, South Indian, , , , , 
Ande Ka Funda,Marathahalli,6 Shyamala Reddy Dental College Road Marathahalli Bangalore,North Indian, Chinese, Hyderabadi, , , , , 
Kabab Souq,Richmond Road,18/1 Wellington Street Opposite The Frank Anthony Junior Public School Richmond Road Bangalore,Kebab, South Indian, Kerala, , , , , 
Sri Udupi Food Hub,Jayanagar,155 43rd Cross Road 8th Block Jayanagar Bangalore,South Indian, North Indian, Chinese, Beverages, , , , 
Puliyogare Point,Basavanagudi,81 East Anjaneya Street NR Colony Basavanagudi Bangalore,South Indian, , , , , , , 
Burger King,VR Bengaluru Whitefield,FC 12 Food Court Second Floor VR Mall Plot 11 B Dyvasandra UP 2010 Village Krishnaraj Puram Whitefield Bangalore,Burger, Fast Food, Beverages, , , , , 
Punjabi Nawabi,HSR,78/4 Ground Floor Lakedew Residency Compound Haralur Main Road Opposite Airtel Office HSR Bangalore,North Indian, Chinese, Beverages, , , , , 
Lagom Patisserie,Frazer Town,99 1st Floor Spencer Road Frazer Town Bangalore,Bakery, Desserts, , , , , , 
TBC- Sky Lounge,Marathahalli,36/1 5th Floor Berry's Hotel Kadubeesanahalli Opposite JP Morgan Ring Road Marathahalli Bangalore,Continental, Asian, Italian, North Indian, , , , 
The Druid Garden,Sahakara Nagar,40/1 3rd Floor Century Corbel Commercial Sahakara Nagar Bangalore,Asian, Continental, Pizza, North Indian, Mediterranean, , , 
Buffalo Wild Wings,Indiranagar,838/A 100 Feet Road 1st Stage Binnamangala Indiranagar Bangalore,American, Mexican, Desserts, , , , , 
Kesar Sweet Shop & Fast Food,Brookefield,605 AECS Layout Kundanahalli Brookefield Bangalore,Desserts, North Indian, Chinese, Street Food, , , , 
M.M.A Kababs Rolls And Biryani Center,Brookefield,Opposite Silver Line Bakery Kundanahalli Gate ITPL Main Road Brookefield Bangalore,North Indian, Mughlai, Chinese, Biryani, Rolls, , , 
Erivum Puliyum,Brookefield,272 AECS Layout Main Road Brookefield Bangalore,Kerala, South Indian, Seafood, Biryani, Chinese, Street Food, , 
Preethi's Biryani Hub,Whitefield,7th Cross Church Road 2nd Main Udayanagar Mahadevpura Whitefield Bangalore,Biryani, South Indian, Beverages, , , , , 
The Bier Library,Koramangala 6th Block,14 Patel Narayana Reddy Layout 80 Feet Main Road Koramangala 6th Block Bangalore,Continental, North Indian, Pizza, BBQ, , , , 
The Shawarma Shop,BTM,688 Opposite IWWA Party Hall 7th Main BTM Bangalore,Arabian, , , , , , , 
Snow'ora,Basavanagudi,G7 Seshmahal Bulding Vasavi Temple Street VV Puram Basavanagudi Bangalore,Desserts, Beverages, Sandwich, , , , , 
Thakkali Kitchens,Electronic City,19 Tech City Layout Doddathogur Village Electronic City Bangalore,South Indian, Kerala, , , , , , 
Udupi Veg Garden,HBR Layout,Shop 1 2nd Floor 857/1 2nd Cross Near HP Petrol Pump HBR Layout Bangalore,South Indian, Sandwich, Beverages, , , , , 
Absolute Shawarma,Rajarajeshwari Nagar,34/4 A Channasandra Village Near RNS IT College Rajarajeshwari Nagar Bangalore,Lebanese, Rolls, , , , , , 
Paris Panini - French Street Food,Indiranagar,2984 12th Main HAL 2nd Stage Indiranagar Bangalore,Cafe, French, Desserts, , , , , 
New Punjabi Food Corner,Electronic City,Fruit Market Road Above HDFC Bank Electronic City Bangalore,North Indian, Chinese, , , , , , 
Hyderabad Biryaani House,Old Airport Road,25 1st Floor NR Chambers Murgeshpalya Old Airport Road Bangalore,Biryani, North Indian, Chinese, Mughlai, , , , 
Purple Elephant,Kumaraswamy Layout,1335 14th Main Water Tank Road 1st Stage Kumaraswamy Layout Bangalore,Pizza, Fast Food, , , , , , 
Grill Daddy,Koramangala 7th Block,374 1st A Cross 1st Main Koramangala 7th Block Bangalore,Continental, American, Pizza, Burger, Cafe, Sandwich, Beverages, 
Pepe's Pizza,Brookefield,637 C Block AECS Layout Brookefield Bangalore,Pizza, Italian, Burger, Sandwich, Desserts, Beverages, , 
Bologna,Indiranagar,759 1st Floor 100 Feet Road Indiranagar Bangalore,Italian, Desserts, , , , , , 
Uncle Peter's Pancakes,Indiranagar,110 Ground Floor 18th Main 100 Feet Road Indiranagar Bangalore,Desserts, Beverages, , , , , , 
Fattoush,Bannerghatta Road,128/54/10 1st Floor Dasarapalya Opposite IIM - B Bannerghatta Road Bangalore,Arabian, Middle Eastern, North Indian, Mughlai, Chinese, Seafood,, 
Naatil Evideya,Kammanahalli,11 3rd B Main Road Ramaiya Layout Kacharakanahalli Near Kammanahalli Banglore,Kerala, South Indian, Chettinad, Biryani, , , , 
Andhra Gunpowder,Jeevan Bhima Nagar,Delivery Only,Andhra, South Indian, Biryani, , , , , 
The London Curry House - The Royale Senate Hotel,Race Course Road,19/3 Kumara Krupa Road Race Course Road Bangalore,Modern Indian, North Indian, Italian, Continental, , , , 
Lavonne,Indiranagar,263 Domlur 2nd Stage Indiranagar Bangalore,Cafe, Continental, Beverages, , , , , 
Kadavu Shappu Currys,HSR,2nd Main Muneshwara Layout Vinayaka Nagar Kudlu Gate HSR Bangalore,Kerala, Chinese, Arabian, North Indian, Biryani, Beverages, , 
Northern Kitchen's,BTM,240 7th Cross Mico Layout Opposite SBI Bank 2nd Stage BTM Bangalore,North Indian, Chinese, , , , , , 
Eat@99,Rajarajeshwari Nagar,1162 Top Floor Pandit Jawaharlal Nehru Road BEML Layout Rajarajeshwari Nagar Bangalore,North Indian, Chinese, , , , , , 
Cafe Grill,Jeevan Bhima Nagar,11 HAL 3rd Stage Jeevan Bhima Nagar Bangalore,Chinese, North Indian, Rolls, , , , , 
Empire Juices And Ice Creams,Rajajinagar,Delivery Only,Juices, Beverages, Ice Cream, , , , , 
Farzi Cafe,UB City,UB City 24 Grant Road Vittal Malya Lavelle Road Bangalore,Modern Indian, , , , , , , 
Chole Bhatura And Parathas,BTM,Shop 2 100 Feet Outer Ring Road 1 Stage BTM Bangalore,North Indian, , , , , , , 
Udupi Upachar,Brookefield,AECS Layout Kundalahalli Brookefield Bangalore,South Indian, North Indian, Chinese, Beverages, , , , 
Donne Biriyani House,HSR,581 Ground Floor 22nd Cross Road HSR Club Road 3rd Sector HSR Bangalore,Biryani, South Indian, , , , , , 
Megna's Gourmet,Rajarajeshwari Nagar,942 Kengeri Main Road Dwarka Nagar Channasandra Rajarajeshwari Nagar Bangalore,Pizza, , , , , , , 
Hotel Aditya,Rajajinagar,159 Mahalakshmipuram Opposite Nandini Theatre Rajajinagar Bangalore,South Indian, Biryani, , , , , , 
Shawarma Grill House,Rajajinagar,1726/B 1st Main Road 2nd Stage D Block Rajajinagar Bangalore,Arabian, Rolls, , , , , , 
Siddique Kabab Centre,Frazer Town,St Johns Church Road Near Coles Park Frazer Town Bangalore,Mughlai, Chinese, North Indian, , , , , 
Chaayos - Meri Wali Chai,Bellandur,Unit 001 Green Glen Layout Varthuru Hobli Bellandur Bangalore,Fast Food, Street Food, Desserts, Tea, Beverages, , , 
Dofu,Indiranagar,303 Ground Floor Ashok Terrace 100 Feet Road Indiranagar Bangalore,Chinese, Korean, Japanese, Beverages, Desserts, , , 
Breads and Co,Vijay Nagar,70 Service Road 4th Main Road Vijay Nagar Bangalore,Fast Food, Beverages, , , , , , 
Milano Ice Cream,Indiranagar,460 2nd Cross Krishna Temple Road Indiranagar Bangalore,Desserts, Ice Cream, , , , , , 
Raja Gobi Centre,JP Nagar,17th C Cross Rd 5th Phase JP Nagar Bangalore,Fast Food, , , , , , , 
Raffaele's Ristorante Pizzeria,Koramangala 6th Block,Builders NGV Club National Games Village Koramangala 6th Block Bangalore,Continental, Pizza, Italian, Burger, Beverages, , , 
Szechuan Dragon,HSR,1502 19th Main Road Sector 1 HSR Bangalore,Chinese, Thai, Momos, , , , , 
Big Pitcher,Old Airport Road,4121 LR Arcade Old Airport Road Bangalore,American, Continental, North Indian, Mediterranean, Beverages, , , 
Motis Kitchen,Thippasandra,3 9th Main Seethappa Thippasandra Bangalore,South Indian, Kerala, Biryani, , , , , 
The Pump House,JP Nagar,607 15th Cross Outer Ring Road 1st Phase JP Nagar Bangalore,Continental, Finger Food, , , , , , 
Ovenstory Pizza,Old Airport Road,104 B Block First Floor Hal Exit Airport Road Konena Agrahara Blue Dark Connection Point Airport Exit Road Old Airport Road Bangalore,Pizza, , , , , , , 
U.S. Pizza Restaurant,Old Airport Road,97 Kemp Fort Mall Ramagiri Murgesh Pallya Old Airport Road Bangalore,Pizza, Fast Food, , , , , , 
A2B - Adyar Ananda Bhavan,Varthur Main Road Whitefield,710 Thubarahalli Varthur Main Road Whitefield Bangalore,South Indian, Street Food, Mithai, , , , , 
Shruti Delicacy,Koramangala 8th Block,45 80 Feet Road Koramangala 8th Block Bangalore,South Indian, North Indian, Chinese, Beverages, , , , 
Snacks Express,BTM,16/17 21st Main 3rd B Cross 2nd Stage BTM Bangalore,Fast Food, Street Food, Beverages, , , , , 
Feast - Sheraton Grand Bengaluru Whitefield Hotel &...,Sheraton Grand Bengaluru Whitefield,Sheraton Grand Bengaluru Whitefield Hotel & Convention Center Prestige Shantiniketan Whitefield Bangalore,Continental, Asian, South Indian, North Indian, , , , 
Chandni Chowk 2 Bangalore,Jeevan Bhima Nagar,Delivery Only,North Indian, Chinese, Rolls, Beverages, , , , 
Punjab Ki Rasoi,Electronic City,591 47/12 Near Velankani Electronic City Bangalore,North Indian, Mughlai, , , , , , 
Bucket Biryani,Frazer Town,61 MM Road Near SBI ATM Frazer Town Bangalore,Biryani, North Indian, Chinese, , , , , 
Amma's Pastries,Varthur Main Road Whitefield,710 Thubarahalli Varthur Main Road Whitefield Bangalore,Bakery, Desserts, , , , , , 
Millers 46,Vasanth Nagar,46 Millers Road Vasanth Nagar Bangalore,American, Continental, Steak, , , , , 
Chai Garam,Sahakara Nagar,492 60ft Road F-Block Sahakara Nagar Bangalore,Beverages, Street Food, Burger, Sandwich, , , , 
Sangam Mess,Kammanahalli,7 3rd Cross Chinnappa Layout Opposite Sansar Collections Kammanahalli Bangalore,South Indian, Biryani, North Indian, , , , , 
Paradise Biryani,HSR,438 Sector-4 HSR Layout HSR Bangalore,Biryani, North Indian, Kebab, Desserts, Beverages, , , 
Cafe Azzure,MG Road,52 Brigade Road Haridevpur Shanthala Nagar MG Road Bangalore,Cafe, Continental, Italian, Burger, Desserts, Beverages, Sandwich, 
K R Catering Services,Whitefield,136 3rd Cross Vijayanagar Whitefield Bangalore,South Indian, Rolls, Biryani, Beverages, , , , 
Meghana Biriyanis,Nagawara,82 Opposite Manyatha Tech Park Outer Ring Road Nagawara Bangalore,Andhra, Biryani, Chinese, , , , , 
Biryani Trip,Bommanahalli,Delivery Only,Biryani, Kebab, , , , , , 
DCP Desi Chai Paratha,ITPL Main Road Whitefield,Kundanhalli Gate ITPL Main Road Near Hyper City Mall Whitefield Bangalore,North Indian, , , , , , , 
Hotel Fanoos,Richmond Road,17 Hosur Road Near Johnson Market Richmond Road Bangalore,Biryani, Rolls, Kebab, Fast Food, , , , 
Royal Restaurant,Shivajinagar,6 HKP Road Broadway Road Shivajinagar Bangalore,North Indian, Chinese, , , , , , 
Kalinga Spices,Marathahalli,1st Floor S.S. Towers South Block Sai Baba Temple Road Kundanhalli Gate Munnekolala Mahadevapura Marathahalli Bangalore,North Indian, , , , , , , 
Bathinda Tandoor,BTM,19th B Cross 7th Main Near Alliance University NS Palya 2nd Stage BTM Bangalore,North Indian, Mughlai, , , , , , 
Sharief Bhai,Whitefield,710 Varthur Main Road Thubarahalli Whitefield Bangalore,Mughlai, Seafood, Rolls, Biryani, Desserts, , , 
Kapoor's Cafe,Jayanagar,GVS Complex 4th Floor 3rd Block Jayanagar Bangalore,North Indian, Paan, Beverages, , , , , 
Suraksha Biriyani Paradise,Jalahalli,163 Papaiah Building Opposite Patel Narayanswamy Layout Chokkasandra Jalahalli Bangalore,Biryani, North Indian, , , , , , 
You Me And Tea,HSR,1673 27th Main Road HSR layout Sector 2 HSR Bangalore,Chinese, North Indian, Fast Food, Bengali, Tea, Street Food, , 
Absolute Chinese,Kaggadasapura,Shop 7 121/3 7th Cross 5th Main Maruthi Nagar Vemana Road Chikkagurappa Layout Malleshpalya Kaggadasapura Bangalore,Chinese, Seafood, , , , , , 
Meat And Eat,JP Nagar,11 24th Main Ayodya Nagar 5th Phase JP Nagar Bangalore,Fast Food, Beverages, Burger, , , , , 
Roti Wala,BTM,239 7th Cross Stage 2 BTM Bangalore,North Indian, Fast Food, , , , , , 
Meghana Biryani,Bellandur,163 Shreyas Arcade Opposite Apollo Pharmacy Green Glen Layout Bellandur Bangalore,North Indian, Chinese, Biryani, , , , , 
Dunkin' Donuts,Yelahanka,Unit G11 Mfar Manyata Tech Park Phase 4 Nagwara Village Yelahanka Bangalore,Desserts, Burger, Beverages, , , , , 
Paakashala,Indiranagar,219 2nd Main Road Stage 2 Hoysala Nagar Indiranagar Bangalore,North Indian, Chinese, South Indian, Fast Food, Beverages, , , 
Big Cup Cafe,New BEL Road,Plot 72 Microexcel Plaza 80 Feet Road RMV 2nd Stage Near Ramaiah Hospital New BEL Road Bangalore,Cafe, Fast Food, Desserts, , , , , 
The Lobby Brew - Conrad Bengaluru,Conrad Bengaluru Ulsoor,Conrad Bengaluru Kensington Road Ulsoor Bangalore,Cafe, North Indian, Fast Food, Desserts, Beverages, , , 
Ultimate Punjabi,BTM,Delivery Only,North Indian, Chinese, , , , , , 
Belly Cravings,BTM,270/1 6th Main Mico Layout 2nd Stage BTM Bangalore,Street Food, Salad, Beverages, , , , , 
Sangam Sweets,HSR,1090 18th Cross Road Sector 3 HSR Bangalore,Mithai, Street Food, Fast Food, , , , , 
All Aromas,Jayanagar,10-11 7th Cross BHEL Layout SRK Garden Jayanagar Bangalore,North Indian, Biryani, , , , , , 
Taco Bell,Koramangala 6th Block,2/3 80 Feet Road Sony World Signal Opposite Sapphirez Koramangala 6th Block Bangalore,American, Fast Food, Mexican, Wraps, , , , 
Melukote Puliyogare Point,BTM,Delivery Only,South Indian, , , , , , , 
Al Zara Mandi Arabian Restaurant,Frazer Town,137 Ground 1st - 3rd Floor MM Road Frazer Town Bangalore,Arabian, , , , , , , 
Poha On Wheels,Sarjapur Road,Kaikondrahali Sarjapur Road Bangalore,Fast Food, , , , , , , 
KGN Hyderabad Durbar Biryani,Jakkur,Shop 40 64/40 Noor Nagara Chokkanahalli Jakkur Bangalore,Biryani, Chinese, Hyderabadi, , , , , 
Angel Mutton Leg Soup,Thippasandra,5 10th Main Road HAL 3rd Stage Puttappa layout New Thippasandra Bangalore,South Indian, , , , , , , 
Koramangala Social,Bommanahalli,Impresario Central Kitchen 735/11/12 VP Khata 336 Behind Laxmi Vijaya Saw Mill Near ICICI Bank Begur Hobli Bommanahalli Bangalore,North Indian, Chinese, Biryani, American, Continental, , , 
Mani's Dum Biryani,Marathahalli,35/10 Varthur Main Road Munne Kolala Marathahalli Bangalore,Biryani, Andhra, , , , , , 
Chai Resto,HSR,2340 17th Cross 24th Main Opposite Basaveshwara Gayathri Temple Sector 1 HSR Layout Bangalore,Tea, Fast Food, Street Food, Beverages, , , , 
The Filter Coffee,Kalyan Nagar,7th Main Road HRBR Layout Kalyan Nagar Bangalore,South Indian, Coffee, , , , , , 
Zaitoon,Old Airport Road,138 Maruthi Towers Old Airport Road Bangalore,BBQ, Arabian, Chinese, North Indian, Desserts, , , 
California Burrito,JP Nagar,287 15th Cross 5th Phase JP Nagar Bangalore,Mexican, Fast Food, Healthy Food, , , , , 
The Bistro @ Global Village,Rajarajeshwari Nagar,House 451/C BEML Layout Mylasandra Rajarajeshwari Nagar Bangalore,Chinese, North Indian, Mangalorean, Mughlai, Kebab, , , 
Yummus,Old Airport Road,137 Builders Apartment Murugesh Pallya Kodihalli Old Airport Road Bangalore,Mediterranean, , , , , , , 
Shree Muthahalli Veg,HSR,240 19th Main Sector 4 HSR Bangalore,Street Food, North Indian, Chinese, Beverages, , , , 
Meghana Biryani,Brookefield,Varthur Road Tigalarpalya Brookefield Bangalore,Biryani, North Indian, Chinese, Mughlai, Rolls, , , 
Al Chin,BTM,Delivery Only,Fast Food, , , , , , , 
Simhapuri Mess,Old Airport Road,8 BDA Main Road NR Colony HAL Post Old Airport Road Bangalore,Andhra, Biryani, , , , , , 
Taiki,Indiranagar,656 100 Feet Road Indiranagar Bangalore,Japanese, Korean, Thai, Asian, Sushi, Desserts, , 
Elite Kerala Mess,Bannerghatta Road,22 1st Cross Bilekalli Bommanahalli Bannerghatta Road Bangalore,Kerala, South Indian, Biryani, , , , , 
New Punjabi Tadka,Electronic City,60 Opposite Bhel New Valankani Tech Park Doddathogur Phase 1 Electronic City Bangalore,North Indian, Chinese, , , , , , 
Ambur Biryani Point,Koramangala 1st Block,303 1st Main 1st Block Jakkasandra Koramangala 1st Block Bangalore,Biryani, Kebab, , , , , , 
Plan B,Indiranagar,957 Near Gold's Gym 12th Main Off 100 Feet Road Indiranagar Bangalore,American, Continental, Bar Food, Burger, Beverages, , , 
Shanmukha,Marathahalli,93/7 C Narayana Reddy Plaza Marathahalli  Outer Ring Road,Biryani, Andhra, North Indian, Chinese, , , , 
Cafe Runway,International Airport,Kannamangala Gate Bellary Road International Airport Bangalore,Chinese, Pizza, Fast Food, Beverages, , , , 
New Delhi Mess,Jalahalli,Acharya College Road Chikka Banavara Post Dasanapura Jalahalli Bangalore,North Indian, Chinese, , , , , , 
Say Cheese Cake,Koramangala 6th Block,4 3rd Floor Asha Mansion 6th Cross Road Koramangala 6th Block Bangalore,Bakery, Desserts, Beverages, , , , , 
Spicy Platter,BTM,Site 39 Old House 8/10 1st Cross N.S Palya Rastrakavi Kuvempu Nagar BTM Bangalore,North Indian, Chinese, Fast Food, Mughlai, , , , 
Bathinda Junction,BTM,36 29th Main Road Stage 2 Mahadeshwara Nagar BTM Bangalore,North Indian, Chinese, , , , , , 
Budapest Bake Inn,BTM,799 Ground Floor 7th Cross 15th Main Micolayout 2nd Stage BTM Bangalore,Desserts, Beverages, , , , , , 
Kunafa World,Frazer Town,39/1-2 Gold Mani Coles Road Cleveland Town Pulikeshi Nagar Frazer Town Bangalore,Desserts, , , , , , , 
Popular Burger,Electronic City,Shop 6 Krishnappa Gowda Building Doddathogur Opposite Wipro Gate 12 Electronic City Bangalore,Burger, Sandwich, Rolls, Wraps, , , , 
Daily Sushi,Koramangala 7th Block,226 Ground Floor 1st Cross Koramangala 7th Block Bangalore,Japanese, Korean, Sushi, Asian, , , , 
Samosa Party,Koramangala 5th Block,62 Jyothi Nivas College Road Koramangala 5th Block Bangalore,Street Food, Beverages, Fast Food, , , , , 
Subway,Soul Space Arena Mall Marathahalli,4th Floor Soul Space Arena Total Mall Doddanekundi Outer Ring Road Marathahalli Bangalore,Fast Food, Healthy Food, Sandwich, Salad, , , , 
Ambur Star Briyani,BTM,9 Outer Ring Road Kuvempu Nagar Stage 2 BTM Bengaluru,Biryani, Chettinad, Chinese, , , , , 
Snacks Bar,Varthur Main Road Whitefield,3rd Cross Dharmaraya Temple Street Ramagondanahalli Varthur Main Road Whitefield Bangalore,Fast Food, Street Food, , , , , , 
Pizzarea,Yeshwantpur,34/1 1st Floor 6th Main Near Sri Vighneshwar Medicals MSR Nagar Yeshwantpur Banglore,Pizza, , , , , , , 
Delhi Mess,New BEL Road,4 5th Main Road MSR Nagar Mathikere New BEL Road Bangalore,North Indian, Chinese, , , , , , 
Mad Over Donuts,Marathahalli,Delivery Only,Desserts, Beverages, , , , , , 
Bangarpet Pani Puri Chats,Jayanagar,2nd Block 80th Cross Near BBMP Office Back Gate Jayanagar Bangalore,Street Food, , , , , , , 
Pizza Hut,Ascendas Park Square Whitefield,8/9/10/11 4th Floor Ascendas Park Square Mall ITPL Main Road Whitefield Bangalore,Pizza, Fast Food, Finger Food, American, , , , 
Simply South By YummyEats,Koramangala 1st Block,96/1 Ground Floor 1st D Main Road Jakkasandra Extension Koramangala 1st Block Bangalore,South Indian, Kerala, Biryani, , , , , 
Communiti,Residency Road,67 & 68 Brigade Solitaire Opposite Advaith Hyundai Residency Road Bangalore,Continental, BBQ, , , , , , 
Chaat Street,Eat Street Koramangala 6th Block,114 1st Floor Industrial Layout Koramangala 5th Block Bangalore,Street Food, , , , , , , 
Sattvam,Sadashiv Nagar,35 4 & 5 th Floor J.M Plaza Opposite Shell Petrol Bunk Sadashiv Nagar Bangalore,North Indian, South Indian, , , , , , 
Mavalli Tiffin Room (MTR),Indiranagar,Namma Metro Pillar 62 100 Feet Road Indiranagar Bangalore,South Indian, , , , , , , 
Sorse,Whitefield,33 Sundari Armadale Whitefield Main Road Near Forum Value Mall Varthur Kodi Whitefield Bangalore,Bengali, Seafood, Beverages, , , , , 
Olive Grove,Electronic City,3rd Floor SBI Bank Building Neeladri Road Phase 1 Electronic City Bangalore,Continental, North Indian, Chinese, Italian, Mughlai, Kebab, , 
Rolls N Snacks,Vijay Nagar,9 Pipeline Road Vijay Nagar Bangalore,Street Food, Fast Food, , , , , , 
Chicken Darbar,BTM,Near HDFC Bank Outer Ring Road BTM Bangalore,North Indian, , , , , , , 
Donne Biriyani House,BTM,13 Shree Shakthi Mansion 1st Main Road Old Post Office Road Maruthinagar BTM Bangalore,Biryani, South Indian, , , , , , 
Hard Rock Cafe,St. Marks Road,4 & 16 St. Marks Road Bangalore,American, Continental, Fast Food, , , , , 
Kidilum,Whitefield,125/5 Near ITPL Pattandur Agrahara Whitefield Bangalore,Kerala, Chinese, North Indian, , , , , 
Rajanna Military Hotel,Jayanagar,1253 25th A Main 41 Cross 9th Block Jayanagar Bangalore,Andhra, South Indian, Biryani, , , , , 
Cake Delight,Sahakara Nagar,554 1st Floor F Block Byatarayanpura Sahakara Nagar Bangalore,Desserts, , , , , , , 
Nizam's Biryani House,Jalahalli,Site 1 2 3 Shettihalli Main Road Nandana Nagar Cross Jalahalli Bangalore,Hyderabadi, Biryani, Chinese, , , , , 
Hao Chi,Bellandur,Delivery Only,Vietnamese, Chinese, Thai, Japanese, Asian, , , 
Kaafi Desi,Marathahalli,3 Sai Baba Temple Road Green Garden Layout Silver Springs Layout Munnekollal Marathahalli Bangalore,North Indian, Street Food, , , , , , 
Stories - The Brew Chapter,BTM,348\1\2 Survey 62 29th Main 2nd Stage Lake Road BTM Bangalore,Bar Food, North Indian, Continental, Chinese, Beverages, , , 
Sri Raghavendra Stores,Malleshwaram,Opposite Manipal North Side Hospital Near Malleshwaram Railway Station Malleshwaram Bangalore,South Indian, , , , , , , 
The Yellow Tree,Hennur,1 Premier Park Near Saiacs CEO Centre Kothanur Doddagubbi Road Hennur Bangalore,Italian, Desserts, , , , , , 
The Burger Shop,Yelahanka,3 Maruthi Nagar Kogilu Main Road Yelahanka Bangalore,Fast Food, Burger, Sandwich, , , , , 
Hungry Darjeeling Chinese and Thai,CV Raman Nagar,40 5th Main 9th Cross Bysandra Main Road GM Palya CV Raman Nagar Bangalore,Chinese, Thai, , , , , , 
Sardarji Londonwaley,Koramangala 1st Block,New 114 1st Floor Industrial Layout Ward 67 Koramangala 1st Block Bangalore,North Indian, Chinese, Beverages, , , , , 
Smoor,Koramangala 7th Block,113 1st C Main Prestige Pinnacle Koramangala 7th Block Bangalore,Desserts, Cafe, Beverages, , , , , 
46 Ounces Brewgarden,Electronic City,43 Phase 1 Electronic City Bangalore,Chinese, North Indian, Pizza, Beverages, , , , 
Hotel Manu,HSR,119 Neardevi Eye Clinic Sector 5 HSR Bangalore,South Indian, Kerala, Chinese, North Indian, , , , 
Gorbandh Sweets & Snacks,BTM,72516th Main 2nd Stage BTM Bangalore,Street Food, North Indian, Mithai, , , , , 
Simpli Namdhari's,Jayanagar,Delivery Only,Healthy Food, European, Pizza, Fast Food, Beverages, , , 
Coal Spark,HSR,1567 Ground Floor NGR Complex 27Th Main Sector 1 HSR Bangalore,North Indian, Seafood, BBQ, Chinese, Beverages, Ice Cream, , 
Andhra Biryanis,Nagawara,Opposite Manyata Tech Park Outer Ring Road Nagawara Bangalore,Andhra, North Indian, Chinese, Biryani, , , , 
No 10 Fort Cochin,St. Marks Road,9 Halycon Complex St. Marks Road Bangalore,Biryani, Kerala, Seafood, South Indian, , , , 
Chakh Le India,Marathahalli,CKB Layout Muunekollola Marathahalli Bangalore,North Indian, Chinese, Rolls, , , , , 
Lalita's Paratha & More,Wilson Garden,1/22 Ground Floor 3th & 4th Cross Hosur Main Road Wilson Garden Bangalore,North Indian, Biryani, Mughlai, , , , , 
The Pork Point Coorg Style,Hennur,28/7 Kothanur SRK Nagar Post Hennur Bangalore,South Indian, , , , , , , 
Savoury Restaurant,Kammanahalli,183 Kammanahalli Main Road Kammanahalli Bangalore,Arabian, BBQ, North Indian, Chinese, Desserts, Beverages, , 
Biryani Pot,BTM,18 4th Main 14th Cross 4th Link Road Maruthi Nagar Madiwala BTM Bangalore,Biryani, North Indian, Chinese, Hyderabadi, Andhra, Wraps, , 
Swaad Bhara Rasoee,Ulsoor,Delivery Only,South Indian, , , , , , , 
Imperial Restaurant,Jayanagar,Opposite Sagar Hospital T Block 30th Cross Jayanagar Bangaluru,Biryani, Chinese, Hyderabadi, North Indian, , , , 
Big Bite,Vijay Nagar,1714 17th Cross 21st Main Maruthi Mandir Vijay Nagar Bangalore,Chinese, Fast Food, Beverages, , , , , 
Birinz - Firewood Biryani,Varthur Main Road Whitefield,Delivery Only,Biryani, , , , , , , 
Donne Biryani House,HSR,Delivery Only,South Indian, Biryani, , , , , , 
Sanchez,UB City,204 UB City Vittal Mallya Road Lavelle Road Bangalore,Mexican, Tex-Mex, Beverages, , , , , 
Hakuna Matata,JP Nagar,1231/35/2 24th Main 7th Phase Opposite Brigade Palm Springs JP Nagar Bangalore,North Indian, Asian, Seafood, Chinese, , , , 
Bake Ur Wish,Nagarbhavi,462 80 Feet Main Road Opposite Ambedkar Institute Of Technology Nagarbhavi Bangalore,Cafe, Bakery, , , , , , 
La Pino'z Pizza,Koramangala 4th Block,24 Shankar Plaza 80 Feet Road Koramangala 4th Block Bangalore,Pizza, Italian, Beverages, , , , , 
Kapital Kitchen,KR Puram,C8 And C9 Ajith Layout Chikkabasavanapura Main Road Near State Bank Of India Virgonagar Post KR Puram Bangalore,North Indian, Chinese, Seafood, Mughlai, , , , 
Cake Box,Koramangala 8th Block,74/2A 2nd Floor K.R. Garden Koramangala 8th Block Bangalore,Bakery, Desserts, , , , , , 
Gogula's Sweets & Chats,BTM,64 Ground Floor 20th 'B' Main Venkateswara Layout 1st Stage BTM Bangalore,Mithai, North Indian, Fast Food, Street Food, , , , 
The Tea Brewery,Koramangala 1st Block,982 Ground Floor 1st Main Road Koramangala 1st Block Bangalore,Tea, Fast Food, , , , , , 
Gowri Gajanand Sweets,Brookefield,603 AECS Layout Main Road Near Andhra Bank Brookefield Bangalore,Mithai, Street Food, , , , , , 
Maharaja Biryani House,Koramangala 8th Block,1st Floor Above Shruti Delicacy 45 80 Feet Road Koramangala 8th Block Bangalore,Biryani, Andhra, North Indian, , , , , 
Aattutheeram Kerala Restaurant,Hennur,Shop 3-6 Ground Floor Premises 28/2 Vidhya Manner Building Anjinappa Layout K Narayanapura Main Road Kothanur Hennur Bangalore,Kerala, , , , , , , 
Wonder Kitchen,Kengeri,Shop 3 & 4 Sirigandha Complex Near Bethesda School Satellite Town Kengeri Bangalore,Chinese, South Indian, North Indian, , , , , 
Jitu Bhai Dahibara Sweets & Savouries,Marathahalli,69/2 Sai Baba Temple Roadshiridi sainagar Thubarahalli Munnekollal Marathahalli Bangalore,Mithai, Fast Food, North Indian, Chinese, , , , 
Amritsari Kulcha Land,JP Nagar,123 24th Main Opposite Royal High School 5th Phase JP Nagar Bangalore,North Indian, , , , , , , 
Taaza Thindi,Jayanagar,1004 26th Main 4th T Block Beside HDFC Bank Jayanagar Bangalore,South Indian, , , , , , , 
Pallavi North Indian Veg Restaurant,JP Nagar,26 16th Cross Opposie Canara Bank 5th Phase 100 Feet Ring Road JP Nagar Bangalore,North Indian, Chinese, Maharashtrian, , , , , 
Nasi And Mee,Koramangala 4th Block,974 80 Feet Road Koramangala 4th Block Bangalore,Asian, Indonesian, Momos, Japanese, Sushi, , , 
Truly Punjab,Electronic City,Survey 84/4 Doddathogur Village Begur Hobli Electronic City Bangalore,North Indian, Mughlai, , , , , , 
1131 Bar + Kitchen,Indiranagar,100 Feet Road HAL 2nd Stage Indiranagar Bangalore,Continental, Asian, Italian, North Indian, Beverages, , , 
Mistaan Sweets And Chaat,HSR,Site 1313 24th Main Road Garden Layout Sector 2 HSR Bangalore,Mithai, Street Food, North Indian, , , , , 
Smoke House Deli,Indiranagar,Plot 1209 Ward 72 HAL 2nd Stage Doopanahalli Indiranagar Bangalore,European, Italian, American, Beverages, Continental, , , 
The Deagh,Frazer Town,69 M.M Road Frazer Town Bangalore,Mughlai, North Indian, Chinese, Biryani, Rolls, , , 
Mumbai Tiffin,HSR,2345 17th Cross Opposite Water Tank Sector 1 HSR Bangalore,North Indian, Beverages, , , , , , 
B2H - Biryani 2 Home,HSR,1/120 14th Main Road 5th Sector HSR Layout HSR Bangalore,Biryani, Mughlai, , , , , , 
Krishna Kuteera,Bannerghatta Road,19/3C Avanishringeri Nagar Nyanappanahalli Village Bannerghatta Road Bangalore,South Indian, North Indian, Chinese, , , , , 
Cake N Chef,Bannerghatta Road,1A Ground Floor 2nd Cross Venkatadri Layout Doresanipalya Bannerghatta Road Bangalore,Bakery, , , , , , , 
The Elephant Bowl Restro Cafe,HBR Layout,2 50/11 479/1 Ground Floor 3rd A Main Road 4th Block 1st Stage HBR Layout Bangalore,Fast Food, Italian, Continental, Pizza, Burger, Sandwich, Desserts, 
The Whitefield Arms Pub & Microbrewery,VR Bengaluru Whitefield,11B VR Bangalore Dyvasandra Industrial Area Mahdevpura Whitefield Bangalore,Modern Indian, Continental, BBQ, , , , , 
Potful - Authentic Biryanis,Sarjapur Road,Survey 15 Ground Floor Kaikondarhalli Sarjapur Road Bangalore,Biryani, Mughlai, Kebab, Wraps, , , , 
Uttsav Donne Biryani Mane,Nagarbhavi,326 Near AIT college Mallathahalli Nagarbhavi Bangalore,Biryani, , , , , , , 
Odia Dine,Old Airport Road,71st Main Road K R Garden Murgeshpalya Old Airport Road Bangalore,North Indian, Odia, , , , , , 
Esplanade,Indiranagar,201 Double Road Indiranagar Bangalore,Bengali, , , , , , , 
Al-Badia Restaurant,Kammanahalli,959 5th Main 2nd Block Kammanahalli Bangalore,Arabian, Lebanese, , , , , , 
Beijing Bites,Sarjapur Road,No.48 Second Floor Shanthi Archade Shub Enclave Harlur Main Road Sarjapur Road Bangalore,Chinese, Thai, , , , , , 
RS Donne Biryani & Natti Foods,HSR,7th Cross Road Agara Village 1st Sector HSR Bangalore,South Indian, Biryani, Chettinad, , , , , 
Vinny's,Banashankari,2467 24th Cross 2nd Stage Banashankari Bangalore,Pizza, Italian, Desserts, , , , , 
Banashankari Donne Biriyani,Banashankari,218/111th Main 50 Feet Road Hanumanthnagar Banashankari Bangalore,Biryani, Fast Food, , , , , , 
Tim Tim Kitchen,Rajarajeshwari Nagar,11/2 Mylasandra Village Global Village Back Gate RV College Post Kengeri Holi Rajarajeshwari Nagar Bangalore,North Indian, Chinese, , , , , , 
Straws,Richmond Road,17D btm layout,Fast Food, Beverages, , , , , , 
Khai Khai,HSR,19th Main Road Sector 2 HSR Bangalore,Bengali, Biryani, North Indian, , , , , 
Akshaya Deluxe,New BEL Road,21 BEL Road Indian Bank Chickkamaranahalli New BEL Road Bangalore,North Indian, Chinese, Seafood, Biryani, , , , 
Nandanam Restaurant,Electronic City,1st Phase Konappana Agrahara Opposite Altimatrik India Private Limited Electronic City Bangalore,Kerala, South Indian, Chinese, , , , , 
Green Pepper,Jeevan Bhima Nagar,1650 10th Main Near BSNL Office 80 Feet Road Jeevan Bhima Nagar Main Road Jeevan Bhima Nagar Bangalore,Kerala, Biryani, Seafood, Chinese, , , , 
Natural Ice Cream,Kalyan Nagar,5th Main 2nd Block HRBR Layout Kacharakanalli Sarvanga Nagar BBMP Kalyan Nagar Bangalore,Ice Cream, Desserts, , , , , , 
New Udupi Upahar,Marathahalli,49 Sai Temple Road Green Garden Layout Near Kundanahalli Gate Marathahalli Bangalore,South Indian, North Indian, Chinese, , , , , 
FreshMenu,Marathahalli,Delivery Only,Chinese, Continental, Italian, Healthy Food, Asian, North Indian, Pizza,
Shetty Lunch Home,RT Nagar,17 Dinnur Main Road RT Nagar Bangalore,Mangalorean, North Indian, Biryani, Chinese, , , , 
Hoot,Sarjapur Road,2034/69 Block 2 Kaikondrahalli Varthur Hobli Sarjapur Road Bangalore,Continental, Italian, North Indian, , , , , 
The Permit Room,Brigade Road,16/3 Ram Kunj Opposite Garuda Mall Commissariat Road Ashok Nagar Brigade Road Bangalore,South Indian, Modern Indian, , , , , , 
Butti,RT Nagar,Delivery Only,South Indian, Biryani, , , , , , 
Axomi - Taste of Assam,Koramangala 7th Block,361 Ground Floor 1st Main Koramangala 7th Block Bangalore,Assamese, , , , , , , 
Once Upon A Flame,HSR,36 1st Floor 14th Main Road 7th Sector 80 Feet Main Road HSR Bangalore,Steak, Continental, Burger, BBQ, Beverages, , , 
Bhorpet,Rammurthy Nagar,87 20th Cross Akshya Nagar Near SBI Bank Rammurthy Nagar Bangalore,North Indian, Bengali, , , , , , 
Sardarji Ka Dhaba,Bommanahalli,67/7 1st Floor Roopena Agrahara Opposite Mahindra Showroom Bommanahalli Bangalore,North Indian, , , , , , , 
Brooks & Bonds Brewery,Koramangala 5th Block,4 100 Feet Road Koramangala 5th Block Bangalore,Continental, Mediterranean, North Indian, Chinese, Finger Food, , , 
Yum In My Tum,JP Nagar,Delivery Only,Chinese, Pizza, Fast Food, Sandwich, , , , 
Chainama,Indiranagar,110 Ground Floor 18th Main 100 Feet Road Indiranagar Bangalore,Fast Food, Street Food, Beverages, Tea, , , , 
Belgian Waffle Factory,Rajarajeshwari Nagar,294 A 294 B Ideal Homes Township 12th Cross 17th Main Rajarajeshwari Nagar Bangalore,Desserts, , , , , , , 
Odia Dine,BTM,19/1 8th Main 19th Cross Alliance College Road NS Palya 2nd Stage Opposite Alliance Church BTM Bangalore,Odia, Bengali, North Indian, , , , , 
Namoora Dum Biryani,BTM,Delivery Only,Fast Food, , , , , , , 
Night Food Point,BTM,Delivery Only,North Indian, Biryani, , , , , , 
Cafe Medley,Koramangala 5th Block,473 17th C Main KHB Colony Koramangala 5th Block Bangalore,Cafe, Continental, Italian, Burger, Pizza, Street Food, Desserts, Beverages
Veena Stores,Malleshwaram,187 15th Cross Margosa Road Malleshwaram Bangalore,South Indian, , , , , , , 
Kundana,Bannerghatta Road,176 1st Floor Above Vodafone Store Opposite Brand Factory Bannerghatta Road Bangalore,Andhra, Biryani, North Indian, Chinese, , , , 
Memes And Memories,HSR,2735 16 Cross 27th Main Road Opposite NIFT College HSR Bangalore,North Indian, Chinese, , , , , , 
Tarbouche,Marathahalli,187/3 188/3 Ground Floor Panathur Outer Ring Road Opposite Prestige Tech Park Marathahalli Bangalore,Arabian, Fast Food, Beverages, , , , , 
Petuk,Whitefield,134/2 Shop E-09 10 Chancity Channasandra Kadugodi Mahadevapura Whitefield Bangalore,Bengali, North Indian, Chinese, Biryani, , , , 
Karnataka Military Hotel,Rammurthy Nagar,352/75 Devki Apparao Layout Dooravani Nagar Rammurthy Nagar Bangalore,Biryani, South Indian, North Indian, Kebab, , , , 
Andhra Ruchulu,JP Nagar,1319 100 Feet Road 2nd Phase JP Nagar Bangalore,Andhra, North Indian, Chinese, , , , , 
Podi Idly,Koramangala 6th Block,503 6th Cross Road Koramangala 6th Block Bangalore,South Indian, , , , , , , 
Grill Biryanis,Jalahalli,9 Jalahalli Cross Circle Jalahalli Bangalore,Biryani, North Indian, , , , , , 
Roti Ghar,Basavanagudi,17 Gandhi Bazaar Main Road Basavanagudi Bangalore,North Indian, Chinese, South Indian, Ice Cream, , , , 
Chai Days,Indiranagar,2019 100 Feet Road Indiranagar Bangalore,Cafe, Tea, Beverages, Fast Food, , , , 
Savi Sagar,Jalahalli,9 Jalahalli Cross Circle Jalahalli Bangalore,South Indian, North Indian, Chinese, , , , , 
PORKEATS,Koramangala 6th Block,67 17th B Main 6th Cross 6th Block Koramangala Bangalore,Goan, Mangalorean, , , , , , 
Anjappar,Indiranagar,54 Defence Colony Hal 2nd Stage Shanthinagara Indiranagar Bangalore,Chettinad, South Indian, Chinese, North Indian, Biryani, Tamil, , 
Occasions,Koramangala 4th Block,439 8th Main Road Koramangala 4th Block Bangalore,Bakery, Desserts, , , , , , 
Sultans Of Spice,BluPetal Hotel Koramangala,60 Jyoti Nivas College Road Koramangala 5th Block Bangalore,North Indian, Mughlai, Kebab, Street Food, Seafood, Desserts, Beverages, 
O.G. Variar & Sons,Rajajinagar,12th Main 2nd Block Rajajinagar Bangalore,Bakery, Desserts, , , , , , 
Figo Deli,BTM,62 1371/62 Serial 246 New BBMP Dollar Planning Layout Billekahalli Village Begur Hobli BTM Bangalore,Healthy Food, Italian, Salad, Desserts, Pizza, , , 
Kabab Mehal,JP Nagar,Kothanur Main Road Gaurav Nagar 5th Cross Road 7th Phase Besides Spencer's JP Nagar Bangalore,North Indian, Chinese, Juices, , , , , 
Kitchens@HSR,HSR,14th Main 5th Sector HSR Bangalore,Biryani, South Indian, North Indian, Chinese, Desserts, Beverages, , 
Punjabi Swag,BTM,950 16th Main Road 2nd Stage BTM Bangalore,North Indian, Momos, Mughlai, Beverages, , , , 
HOMMS,Brookefield,5/2 Kundanahalli Gate Thubarahalli Post Brookefield Bangalore,Momos, Chinese, Fast Food, North Indian, , , , 
Domino's Pizza,Kumaraswamy Layout,14th Cross 50 FT Road 2nd Stage Kumaraswamy Layout Bangalore,Pizza, Fast Food, , , , , , 
Lakeview Milkbar,MG Road,89 Kannan Building MG Road Bangalore,Desserts, Cafe, , , , , , 
Maa Da Dhaba,Yelahanka,791 MIG 2nd Stage MD Road Yelahanka Bangalore,North Indian, , , , , , , 
Udupi Park Inn,Hebbal,29 GVR Plaza Near Canara Bank Bellary Road Hebbal Bangalore,South Indian, Chinese, Street Food, Beverages, , , , 
Ice Cafe & Lassi Shop,BTM,36 Vyivavi Complex 4th Main N S Palya 1st Cross Road Industrial Area 2nd Stage B G Road BTM Bangalore,Beverages, Juices, , , , , , 
Tea Brew,Indiranagar,172 2nd Cross Road Double Road Indiranagar bangalore,Cafe, Tea, Fast Food, Street Food, Desserts, , , 
#54 Gully Kitchen,Malleshwaram,54 Railway Parallel Road Kumara Park Malleshwaram Bangalore,North Indian, Asian, Fast Food, Street Food, , , , 
Hammered,Cunningham Road,18 Ali Askar Road Cunningham Road Bangalore,North Indian, Continental, , , , , , 
Dolci Desserts,Cunningham Road,18/3 Ali Askar Road Near Kingfisher Airlines Office Cunningham Road Bangalore,Cafe, Desserts, Italian, Continental, Mexican, , , 
Jetlag,Rajajinagar,3 Industrial Suburb Opposite To Sheraton Hotel Near Orion Mall Rajajinagar Bangalore,Finger Food, Continental, North Indian, Italian, , , , 
Behrouz Biryani,Jayanagar,Delivery Only,Biryani, North Indian, Mughlai, , , , , 
Trattoria By Toscano,HSR,Delivery Only,Italian, , , , , , , 
Aubree,Sadashiv Nagar,41/1 Sri Sai 2nd Main Vyalikaval Sadashiv Nagar Bangalore,Cafe, Italian, Desserts, Bakery, , , , 
Venu's Donne Biriyani,BTM,1 Tavarekere Cashier Layout Chocolate Factory Road 1st Stage Near AVS School BTM Bangalore,Biryani, Kebab, South Indian, , , , , 
Amazing Kati Roll's,HSR,226 Sai Anugraha Ground Floor 17th Main 4th Sector HSR Layout Opposite Oxford College HSR Bangalore,Rolls, Fast Food, , , , , , 
New SLV Gowdru Hindu Miltry Hotel,Jalahalli,60/61 Shubha Complex KIADB Road Chokkasandra Jalahalli Bangalore,South Indian, , , , , , , 
Kerala Mess Upahar,Bellandur,73/3 Bellandur Out Ring Road Near Rasahana Hotel Bellandur Bangalore,Kerala, Biryani, South Indian, , , , , 
Office Lunch Box,Whitefield,Delivery Only,Andhra, North Indian, , , , , , 
Khamma Ghani Sa,Koramangala 6th Block,55 5th Cross Road KHB Colony Koramangala 6th Block Bangalore,Rajasthani, North Indian, , , , , , 
Donne Biryani Angadi Mane,Jalahalli,Andrahalli Main Road Vidya Nagar Nagasandra Jalahalli Bangalore,Biryani, Hyderabadi, South Indian, , , , , 
NTR - Nellore Tiffin Room,HSR,436 Kendriya Upadyara Sangha Venkatapura HSR Bangalore,South Indian, Andhra, North Indian, , , , , 
The Biere Club,Lavelle Road,20/2 Vittal Mallya Road Lavelle Road Bangalore,Finger Food, Continental, Fast Food, North Indian, Italian, , , 
Moriz Restaurant,Brookefield,614 C Block AECS Layout Kundalahalli Brookefield Bangalore,Arabian, North Indian, Biryani, Chinese, Seafood, , , 
Southinn,HSR,1158 5th Main 20th Cross 7th Sector HSR Bangalore,South Indian, North Indian, , , , , , 
Hyderabad Chefs,More MegaStore Marathahalli,88 3rd Floor KBR Mall Above More Mega Store Outer Ring Road Marathahalli Bangalore,Hyderabadi, Andhra, North Indian, Chinese, South Indian, , , 
Thalassery Restaurant,Electronic City,507 Near Narayana Reddy Layout Road Electronic City phase 2 Electronic City Bangalore,South Indian, North Indian, Biryani, Chinese, Beverages, , , 
Joys Kuttanadu Restaurant,Yeshwantpur,Ramaiah College Bus Stop HMT Main Road Mathikere Yeshwantpur Bangalore,Kerala, , , , , , , 
GOPIZZA,Marathahalli,1-417 1st Cross Road Chandra Layout Opposite Chemmanur Jewellery Marathahalli Bangalore,Pizza, Fast Food, Sandwich, , , , , 
The Global Huts,International Airport,34 Kadusonnappana Halli New Airport Road International Airport Bangalore,North Indian, Seafood, Bar Food, Desserts, , , , 
Keto Kitchen,Kalyan Nagar,420 First Floor 4th Cross 2nd Block HRBR Layout Kalyan Nagar Bangalore,Healthy Food, North Indian, Beverages, , , , , 
Pani Weds Puri,Rajajinagar,624 Dr Rajkumar Road 2nd Block Rajajinagar Bangalore,Street Food, , , , , , , 
Just Eat,Nagarbhavi,529 3rd Block Behind BDA Complex 2nd Stage Nagarbhavi Bangalore,North Indian, Chinese, , , , , , 
Sri Guru Kottureshwara Davangere Benne Dosa,Basavanagudi,49/1 Subbaraoshetty Road Netkallappa Circle Basavanagudi Bangalore,South Indian, , , , , , , 
Cake Menu,Marathahalli,22/37 Maruti Nilaya Anand Nagar Outer Ring Road Marathahalli Bangalore,Bakery, , , , , , , 
New Shetty Lunch Bhavan,BTM,2nd Stage 10th Cross 16th Main Opposite Mico Layout Police Station BTM Bangalore,Chinese, , , , , , , 
Bob's Bar,Indiranagar,777/I Opposite New Horizon School HAL 2nd Stage 100 Feet Road Indiranagar Bangalore,South Indian, Finger Food, , , , , , 
Fish And Dish,JP Nagar,Jambunagar 1st Cross 8th Phase Opposite Water Tank Near Jambusawaridinne Bus Stand JP Nagar Bangalore,Mangalorean, Chinese, , , , , , 
Sant Spa Cuisine,Domlur,151 2nd Cross 2nd Stage Domlur Bangalore,Asian, Mediterranean, Italian, European, Desserts, Beverages, , 
Sri Durga Chats and Juice,Vijay Nagar,7th Main Chord road Vijay Nagar Bangalore,Fast Food, Street Food, Juices, , , , , 
The Salad Studio,Indiranagar,203 Link Road 4 2nd Stage Hoysala Nagar Indiranagar Bangalore,Salad, Healthy Food, Beverages, , , , , 
Vijayalakshmi Veg,Frazer Town,112 MM Road Frazer Town Bangalore,South Indian, Chinese, , , , , , 
Hotel Salam,HSR,38/3 Opposite Salarpuria Serenity Mangamannapalya Main Road Bommanahalli HSR Bangalore,North Indian, Chinese, Biryani, , , , , 
Bengali Fun Foods,BTM,66 35th Main 100 Feet Ring Road Near Silk Board BTM 2nd Stage BTM Bangalore,Bengali, North Indian, , , , , , 
Mighty Bites,Rajajinagar,258/A 1st Main 60 Feet Road West Chord Road Shivanagar Rajajinagar Bangalore,Fast Food, , , , , , , 
New Udupi Grand,HSR,467 CK Complex Opposite Fernhill Garden Aparment Teacher Colony HSR Layout 5th Sector HSR Bangalore,South Indian, North Indian, Chinese, , , , , 
Shawarma Fun,Inorbit Mall Whitefield,Plot 75 Inorbit Mall Road 7 EPIP Zone Whitefield Bangalore,Lebanese, , , , , , , 
JW Kitchen - JW Marriott Bengaluru,JW Marriott Bengaluru Lavelle Road,JW Marriott 24/1 Vittal Mallya Road Lavelle Road Bangalore,North Indian, Continental, Italian, , , , , 
Let's Grub,BTM,2nd Cross Krishnappa Garden BTM Bangalore,North Indian, Bengali, , , , , , 
Sanam Hotel And Caterers,Hennur,3 1st Cross K Narayanapura Main Road Rk Hedge Nagar Hennur Bangalore,Biryani, , , , , , , 
SoupWala,HSR,1699 19th Main Road Sector 2 HSR Bangalore,North Indian, Chinese, Street Food, Rolls, , , , 
OPUS Club,OPUS Sarjapur Road,26 Harlur Road Near HP Petrol Bunk Off Sarjapur Road Bangalore,Continental, Italian, North Indian, Mexican, , , , 
DBD - Davangere Benne Dose,Vijay Nagar,Opposite HDFC Bank BMTC Bus Stop Chandra Layout Vijay Nagar Bangalore,South Indian, , , , , , , 
Bansuri Sweets,BTM,948 16th Main 7th Cross Road 2nd Stage BTM Bangalore,Street Food, North Indian, , , , , , 
Hyderabad Biryani House,Malleshwaram,9 1st Cross Sampige Road Malleshwaram Bangalore,Biryani, Hyderabadi, Chinese, , , , , 
Chung's Chinese Corner,Malleshwaram,88/1 Shubha Arcade 16th Cross Margosa Road Malleshwaram Bangalore,Chinese, Asian, American, Seafood, , , , 
NIC - Natural Ice Creams,Marathahalli,Delivery Only,Ice Cream, Desserts, , , , , , 
Chaat Junction,Whitefield,1 1st Cross Near Vibygor School Kundallahalli Whitefield Bangalore,Street Food, North Indian, Fast Food, , , , , 
Albert Bakery,Frazer Town,93 Mosque Road Frazer Town Bangalore,Bakery, Fast Food, , , , , , 
Zoey's,Sarjapur Road,Survey 104/1 Opposite St Patricks Academy Kodathi Gate Sarjapur Road Bangalore,Cafe, Continental, Italian, Beverages, Desserts, , , 
Malabar Cafe,BTM,Bharathi Layout Opposite Christ School SG Palya BTM Bangalore,Kerala, North Indian, Chinese, South Indian, , , , 
Alchemy Coffee Roasters,Jayanagar,51 Ground Floor 5th Main Road 36th Cross Road 5th Block Jayanagar Bangalore,Cafe, Italian, , , , , , 
Riches Pizza Burger,Peenya,1\/E HTL Road Near Manjunathswamy Temple Road Parvathi Nagar Peenya Bangalore,Pizza, Burger, Fast Food, , , , , 
Janani Fast Food,Yelahanka,4th Main Road Vinayakanagar Bagalur Main Road Yelahanka Bangalore,South Indian, Chinese, , , , , , 
Kerala Panoor Restaurant,Bellandur,4 Ground Floor Lakshaman Reddy Building Marthahalli Ring Road Bellandur Bangalore,Kerala, Seafood, Biryani, South Indian, Chinese, , , 
Oru Vadakkan Cafe,Koramangala 5th Block,183 4th Cross Road KHB Block Koramangala 5th Block Bangalore,Kerala, South Indian, Biryani, Seafood, , , , 
From Hill To Station,Hennur,Near Medi Dermi Hospital Kothanur Hennur Bangalore,Cafe, Fast Food, , , , , , 
Madeena Hotel,Bannerghatta Road,10/20 1st Main Old Gurappanapalya Bannerghatta Road Bangalore,North Indian, Mughlai, Biryani, , , , , 
Manjushree Veg,Bannerghatta Road,5th Main Arekere Mico Layout Bannerghatta Road Bangalore,South Indian, , , , , , , 
The Reservoire,Koramangala 5th Block,17th Main Road JNC Road Koramangala 5th Block Bangalore,Continental, North Indian, American, Asian, Chinese, Pizza, Desserts,
Srivari Mess,BTM,2nd Stage 7th Main Road Mahadeshwara Nagar BTM Bangalore,Andhra, South Indian, , , , , , 
SLV Refreshments,Kumaraswamy Layout,722 Opposite Police Station 14th Main Kumaraswamy Layout Bangalore,South Indian, , , , , , , 
Aramane Donne Biriyani,BTM,749 7th Cross 14th Main 2nd Stage BTM Bangalore,Biryani, Fast Food, , , , , , 
Mast Marathi,HSR,945 5th Main 21st Cross Sector 7 HSR Layout HSR Bengaluru,Maharashtrian, Beverages, , , , , , 
The Nosh House,Sarjapur Road,29 1st Floor 4th Cross Kasavanahalli Off Sarjapur Main Road Sarjapur Road Bangalore,Italian, Salad, Desserts, Healthy Food, Continental, , , 
Tipsy Bull - The Bar Exchange,JP Nagar,603 15th Cross 100 Feet Ring Road 6th Phase JP Nagar Bangalore,Finger Food, North Indian, Continental, Fast Food, Naga, , , 
Samrajya,Kalyan Nagar,Ground Floor 203 4th Cross CMR Road Near Vasan Eye Care 3rd Block HRBR Layout Kalyan Nagar Bangalore,North Indian, Maharashtrian, Chinese, , , , , 
Devi Foods and Biryani's,Old Airport Road,Delivery Only,North Indian, Biryani, , , , , , 
Sweet Truth,Jayanagar,Delivery Only,Bakery, Desserts, , , , , , 
Maiyas,Jayanagar,459/30 30th Cross 4th Block Jayanagar Bangalore,North Indian, South Indian, Fast Food, Juices, , , , 
Thottathil Food House,BTM,2nd Cross Maruthi Nagar Madiwala Near Sreenivasa Temple BTM Bangalore,Kerala, South Indian, Biryani, , , , , 
Bombay Brasserie,Indiranagar,2989/B 12th Main Road HAL 2nd Stage Indiranagar Bangalore,Modern Indian, , , , , , , 
Polar Bear,JP Nagar,352/B 24th Main 5th Phase JP Nagar Bangalore,Desserts, Ice Cream, Beverages, Fast Food, , , , 
Tandoori Taal,Indiranagar,3169-B 12th Main HAL 2nd Stage Double Road Indiranagar Bangalore,Biryani, North Indian, , , , , , 
An Egg Story,Kalyan Nagar,428 5M HRBR Layout 2nd Block Kalyan Nagar Bangalore,Cafe, Continental, American, Italian, , , , 
ASHOK VATTIKA,Jayanagar,8 6th Main C Main Road 4th Block Jayanagar Bangalore,South Indian, Chinese, North Indian, Biryani, , , , 
Aroma's Hyderabad House,Kalyan Nagar,1st Block HBRR Layout Babusapalya Kalyan Nagar Bangalore,Biryani, Mughlai, North Indian, Chinese, , , , 
Cloud Cafe,Nagarbhavi,626 4th Floor Aditya Tower 80 Feet Road Vinayaka Layout 4th Stage Nagarbhavi Bangalore,Chinese, Italian, Asian, Continental, , , , 
Magic Kitchen And Biryani,Yeshwantpur,288 5th Main 11th Cross MSR Nagar Behind Ramaiah College Yeshwanthpur Bangalore,Biryani, Kebab, South Indian, , , , , 
Karahi Kitchen,Koramangala 5th Block,Delivery Only,Andhra, Biryani, Chinese, North Indian, South Indian, , , 
VV Shawarma,Marathahalli,Delivery Only,Lebanese, Rolls, Chinese, Beverages, , , , 
XO Belgian Waffle,Banashankari,18 B K Complex Opposite BDA Complex 21st Main Road 2nd Stage Banashankari Bangalore,Desserts, Beverages, , , , , , 
Arena - Artisanal Brewkitchen,Indiranagar,48 Defence Colony 100 Feet Road Indiranagar Bangalore,Sushi, Continental, Italian, Asian, , , , 
Seven Ate Nine,HSR,436 17 Cross Road Sector 4 HSR Bangalore,Modern Indian, South Indian, Pizza, Burger, Rolls, , , 
Lucky Chan - Dimsum & Sushi Parlour,Indiranagar,594 12th Main Road HAL 2nd Stage Indiranagar Bangalore,Japanese, Chinese, , , , , , 
Chatpatlal Sweets & Snacks,Marathahalli,1339 60 Feet Road D Block AECS Layout Marathahalli Bangalore,Street Food, Mithai, North Indian, Fast Food, Desserts, , , 
Dal-icious,BTM,5 6th Cross 1st Main Road N.S. Palya 2nd Stage BTM Bangalore,North Indian, Chinese, Biryani, , , , , 
Kappa Chakka Kandhari,Koramangala 6th Block,438 18th Main Road Koramangala 6th Block Bangalore,Kerala, , , , , , , 
Galito's,Vega City Bannerghatta Road,Vega City Mall 3rd Floor Bannerghatta Road Bangalore,African, Burger, Fast Food, Beverages, Desserts, , , 
Just Shawarma,BTM,Shop 943 16th Main Road Mico Layout 2nd Stage BTM Bangalore,Lebanese, , , , , , , 
Timepass Dinner,Basavanagudi,37 5-1 4th Floor Bosco Court Gandhi Bazaar Main Road Basavanagudi Bangalore,North Indian, , , , , , , 
Nourich,JP Nagar,67 Ground Floor 3rd E Main Road 3rd Phase JP Nagar Bangalore,Healthy Food, Chinese, North Indian, Fast Food, Beverages, Mughlai, , 
Bamey's Restro Cafe,Koramangala 5th Block,A/5 Ground Floor KHB Colony Koramangala 5th Block Bangalore,Asian, Nepalese, Momos, , , , , 
Onesta,Indiranagar,501 Binnamangala Extension 1st stage C.M.H Road Indiranagar Bangalore,Italian, Pizza, Desserts, Beverages, , , , 
Stories,Rajajinagar,23 20th Main Raod 1st R Block Rajajinagar Bangalore,American, Chinese, Continental, North Indian, Desserts, Beverages,, 
Go Native,Jayanagar,64 10th Main Road 5th Block Jayanagar Bangalore,Healthy Food, Modern Indian, Desserts, , , , , 
Tandoori Junction,Marathahalli,91/A Munnekolala Extension Outer Ring Road Marathahalli Bangalore,North Indian, Chinese, Biryani, , , , , 
Jus' Trufs,Sahakara Nagar,9 Jakkur Main Road Sahakara Nagar Bangalore,Italian, Cafe, Pizza, Burger, Sandwich, Continental, Desserts, Beverages
You Mee,Forum Shantiniketan Mall Whitefield,Upper Ground Floor Forum Shantiniketan Whitefield Main Road Thigalarapalya Whitefield Bangalore,Japanese, Chinese, Thai, , , , , 
Five Star Chicken,JP Nagar,18th Cross Road 5th Phase JP Nagar Bangalore,Fast Food, , , , , , , 
Mughal Treat,HSR,27th Main Road 2nd Sector Near KEB Power Station HSR Bangalore,Mughlai, Chinese, Seafood, Biryani, Rolls, North Indian, , 
Donne Biriyani House,Brookefield,349 ITPL Main ROad AECS Layout C Block Mahadevpura BBMP East Brookefield Bangalore,Biryani, North Indian, Fast Food, , , , , 
Tea Positive,Marathahalli,MS Residency Sai Baba Road Munnekollal Marathahalli Bangalore,Tea, North Indian, Street Food, Beverages, Fast Food, , , 
Cafe Noir,UB City,2nd Floor UB City Vittal Mallya Road Lavelle Road Bangalore,Continental, Italian, Desserts, Cafe, Beverages, , , 
Rooftop Cafe,Jayanagar,16/33 11th Main 4th Block Geetha Colony Jayanagar Bangalore,Cafe, , , , , , , 
Le Gateau - The Cake Shop,Domlur,#598 1st 'A' Main Road 1st Cross Domlur Bangalore,Desserts, Bakery, , , , , , 
Shawarma Time,RT Nagar,1 Seethappa Layout Near Shree Bharathi School Cholanayakanhalli Main Road RT Nagar Bangalore,Rolls, Lebanese, Fast Food, , , , , 
The Paratha Stories,Ejipura,Venkappa Garden Ejipura Bangalore,North Indian, , , , , , , 
Bahar Cafe,Marathahalli,Ground Floor Vims Hospital Buidling Opposite to More Marathahalli Bangalore,Andhra, Biryani, Chinese, Hyderabadi, North Indian, South Indian, , 
Cafe 99 Kerala Mess,Kalyan Nagar,925 5th A Cross 1st Block Service Road Near Babusapalya Bus Stop Kalyan Nagar Bangalore,Kerala, Biryani, Seafood, North Indian, , , , 
Slay Coffee,Basavanagudi,38/3 RV Rao Basavanagudi Bangalore,Coffee, Beverages, , , , , , 
Coco Spicy,Sarjapur Road,Shop 10 Mullur Colony Opposite Wipro Sez Ambedkar Nagar Varthur Hobli Sarjapur Road Bangalore,Kerala, North Indian, Chinese, , , , , 
China Pearl,Koramangala 6th Block,53/1 5th Cross Koramangala 6th Block Bangalore,Chinese, , , , , , , 
Little Italy,Kalyan Nagar,Building 7 HRBR Layout 2nd Block Extension Kalyan Nagar Bangalore,Mexican, Healthy Food, Italian, Juices, Pizza, , , 
Brahmin's Coffee Bar,Basavanagudi,Ranga Rao Road Near Shankar Mutt Shankarapura Near Basavanagudi Bangalore,South Indian, , , , , , , 
Cafe Pink Pajamas,Kalyan Nagar,5M-403 1st Floor 5th Main 2nd Block HRBR Layout Kalyan Nagar Bangalore,Cafe, Pizza, , , , , , 
Sri Swamy Veg,JP Nagar,60/2 80 Feet Road 9th Cross Sarakki Main Road Near IG Cricle 1st Phase JP Nagar Bangalore,South Indian, , , , , , , 
Hari Super Sandwich,Basavanagudi,24/1 Police Station Road Basavanagudi Bangalore,Fast Food, Street Food, Beverages, , , , , 
Cafe Rome,Sahakara Nagar,216/3 F Block RMS Layout Sahakara Nagar Bangalore,Cafe, Fast Food, Desserts, , , , , 
Bombay Bakerina,Hebbal,Prestige Misty Waters 3rd Main Road Kempapura Hebbal Bangalore,Bakery, , , , , , , 
Real Fresh Dosa Corner,Brookefield,AECS Layout Main Road Kundanahalli Brookefield Bangalore,South Indian, , , , , , , 
Hotel Kadamba Veg,Rajajinagar,Venkatadri Arcade Dr. Ambedkar Hopital WOC Road Rajajinagar Bangalore,South Indian, North Indian, Street Food, , , , , 
The Punjabi Rasoi,Whitefield,222/220/A Sadaramangala Whitefield Road Whitefield Bangalore,Mughlai, North Indian, Chinese, Beverages, , , , 
Pathaan Sir,BTM,16th Main 2nd Stage BTM Bangalore,Rolls, Fast Food, , , , , , 
Vaigai Vilas,Whitefield,128 1st Floor Pattandur Agrahara Near ITPL Service Road Whitefield Bangalore,Tamil, Biryani, Andhra, Chinese, South Indian, Beverages, , 
Al-Baik Tandoori Restaurant,HBR Layout,210/230/46 Ground Floor 80 Feet Road Opposite HP Petrol Bunk HBR Layout Bangalore,North Indian, Chinese, Arabian, Biryani, Rolls, , , 
New Govind Rao Military Hotel,Majestic,6 758 Cottonpet Main Road Bhashyam Circle Chikkapete Majestic Bangalore,South Indian, Biryani, , , , , , 
Green Theory,Residency Road,15 Convent Road Off Residency Road Residency Road Bangalore,Cafe, Italian, Continental, Thai, Healthy Food, , , 
Food The Way You Like,Whitefield,Delivery Only,North Indian, Chinese, Biryani, , , , , 
CANTAN - Chinese Bar House,Lavelle Road,25/4 1st Opposite Harley Davidson Lavelle Road Bangalore,Chinese, Cantonese, , , , , , 
Krutunga Restaurant,Whitefield,Ground Floor 1st Main6th Cross Ambedkar Nagar Whitefield Bangalore,Andhra, Chinese, North Indian, Biryani, Beverages, , , 
Sitara Veg Restaurant,Electronic City,Hotel Goyal Residency 17-C 1st Phase Electronic City Bangalore,South Indian, North Indian, Chinese, Fast Food, , , , 
Spicy House,Marathahalli,91 Behind Salarpuria Supreme Tulasi Theatre Road Between 7th and 8th Main Marathahalli Bangalore,North Indian, Chinese, Seafood, Biryani, , , , 
Roti Ghar Ki,Whitefield,Site 163/3/75 Siddapura Village Nallurahalli 1st Cross Opposite Play 9 Whitefield Bangalore,North Indian, Chinese, , , , , , 
Oota Bangalore,Windmills Craftworks,331 5B EPIP Zone Near L&T Infotech Whitefield Bangalore,Salad, Mangalorean, , , , , , 
Rebel Star Naati Style,New BEL Road,158 Lakshmipura Cross Vaderahalli Vidyaranyapura New BEL Road Bangalore,South Indian, , , , , , , 
South Ruchis Square,Race Course Road,Raceview Hotel Madhava Nagar Race Course Road Bangalore,North Indian, South Indian, Chinese, Beverages, , , , 
Swad Punjab Da,BTM,324 23rd Main 3rd Cross 2nd Stage BTM Bangalore,North Indian, , , , , , , 
Faasos,Jayanagar,2nd Block Rashtriya Vidyalaya Raod Jayanagar Bangalore,Fast Food, North Indian, Biryani, Rolls, Wraps, , , 
Phobidden Fruit,Indiranagar,965 12th Main HAL 2nd Stage Off 100 Feet Road Indiranagar Bangalore,Vietnamese, Desserts, Thai, , , , , 
La Casa Brewery And Kitchen,Sarjapur Road,15 Amrita Engineering College Road Kasavanahalli Sarjapur Road Bangalore,Continental, North Indian, Fast Food, Thai, Finger Food, Andhra, , 
Bheema's,Church Street,31 Church Street Bangalore,Andhra, North Indian, , , , , , 
Desi Meal Box,JP Nagar,Delivery Only,Kebab, Biryani, Mughlai, North Indian, , , , 
The Burger Place,Koramangala 1st Block,2nd Floor MMR Plaza Above DCB Bank Sarjapur Main Road Koramangala 1st Block Bangalore,Burger, Fast Food, , , , , , 
Paradise Andhra Mess,Jalahalli,Geleyara Balaga Layout Jalahalli West Near Jalahalli Bangalore,Hyderabadi, , , , , , , 
Gowdru Hotel,Vijay Nagar,63 1st Main B.B.M.P West Marenahalli Vijay Nagar Bangalore,Biryani, South Indian, , , , , , 
Chickpet Donne Biryani House,Marathahalli,90/4 1st Floor JP Royale Opposite Innovative Multiplex Outer Ring Road Marathahalli Bangalore,Biryani, South Indian, Fast Food, , , , , 
Goody's Restro Cafe,Hennur,Krishnappa Complex Near K Narayanapura Cross Geddalahalli Rammana Layout Hennur Bangalore,Cafe, Fast Food, , , , , , 
The Urban Gully,HSR,807 Garden Layout Sector 2 19th Main HSR Layout HSR Bangalore,North Indian, Fast Food, , , , , , 
Maziga,VR Bengaluru Whitefield,3rd Floor VR Mall B Narayanapura Mahadevapura ITPL Main Road Whitefield Bangalore,Modern Indian, North Indian, Awadhi, , , , , 
WOW! China,HSR,1/120 14th Main Road 5th Sector HSR Bangalore,Chinese, , , , , , , 
Bangalore Bakers,Jalahalli,11 S.K. Complex Near Euro School Acharya College Road Chikkabanavara Jalahalli Bangalore,Bakery, , , , , , , 
Manchatti Homely Food,CV Raman Nagar,47 5th Cross Abbaiah Reddy Layout Kaggadasapura CV Raman Nagar Bangalore,South Indian, Kerala, , , , , , 
Heavenly,Hebbal,Delivery Only,Healthy Food, , , , , , , 
Pottery Chai,Kammanahalli,Ground Floor 1st Main Road Gurukrupa Complex Hemanth Nagar Kammanahalli Bangalore,Fast Food, , , , , , , 
Shree Venkateshwara Cafe,JP Nagar,31 Mohan Chambers 1st Main Road 3rd Phase JP Nagar Bangalore,Fast Food, Beverages, , , , , , 
Hotel Navayuga,Majestic,1 Anupama Theater Complex SC Road Gandhi Nagar Majestic Bangalore,Andhra, , , , , , , 
Fish Palace,Rajajinagar,522 17th Cross Bridge Road Opposite Vivekananda College 2nd Stage Rajajinagar Bangalore,Mangalorean, Chinese, Seafood, North Indian, , , , 
Sree Banashankari Donne Biriyani,Rajajinagar,199/C 1st Stage Mahaganapathi Nagar Basaveshwara Nagar Rajajinagar Bangalore,Biryani, South Indian, , , , , , 
Kabab Factory,Nagarbhavi,292 Anjanadri Complex 11th Block 2nd Stage Nagarbhavi Bangalore,Biryani, Kebab, Chinese, North Indian, , , , 
B.M.W - Bhookh Mitaane Wala,Ejipura,Venkappa Garden Ejipura Bangalore,North Indian, South Indian, Chinese, , , , , 
Sai Anand Bhavan,Whitefield,1st Floor Bhatyaappa Building Pattan Dhur Agrahara Whitefield Bangalore,North Indian, , , , , , , 
Hyderabad Magic,Electronic City,127 Near Tech Mahindra Kiadb Layout Electronic City Bangalore,North Indian, Chinese, Biryani, Beverages, , , , 
No Sugar Please!,Bellandur,319/1 Ground Floor 10th Cross Near Kethan PG Bellandur Bangalore,Juices, Healthy Food, , , , , , 
A.S Donne Biryani,Peenya,117 2nd Stage Bus Stop Peenya Bangalore,Biryani, North Indian, , , , , , 
Donut Cafe,Electronic City,Shop 9 Ajmera Avenue Neeladri Nagar Wipro Road Electronic City Bangalore,Desserts, Fast Food, Beverages, , , , , 
Dande's Hyderabad Biryani,Varthur Main Road Whitefield,710 Thubarahalli Varthur Main Road Whitefield Bangalore,Biryani, Chinese, North Indian, Fast Food, , , , 
Litti House,Brookefield,Opposite to AECS Layout Kundalahalli Main Road Brookefield Bangalore,North Indian, Bihari, Rajasthani, , , , , 
Dastan-E-Biryani,Yelahanka,615 CHS 707 1st Floor 3rd Cross 2nd Main 4th Phase New Town Near Government School Yelahanka Bangalore,Biryani, North Indian, Mughlai, Chinese, Beverages, , , 
Eatsomnia,Ejipura,Delivery Only,North Indian, South Indian, Chinese, Continental, , , , 
Five Star New Ambur Biryani,BTM,260 6Th Main Road Mico layout BTM 2 Stage BTM Bangalore,South Indian, , , , , , , 
Momoz,BTM,806 Near ICICI Bank 7th Cross 16th Main 2nd Stage BTM Bangalore,Chinese, Momos, Seafood, , , , , 
Dine Garden Family Restaurant,Electronic City,Ravi Prasad Narayana Reddy Building 2nd Cross Road Konappana Agrahara Electronic City Bangalore,Biryani, South Indian, North Indian, Chinese, Kerala, , , 
Nandhini Deluxe,Koramangala 5th Block,123 2nd Floor KHB Colony Koramangala 5th Block Bangalore,Andhra, Biryani, South Indian, North Indian, Chinese, , , 
Cafe Cosy,Jayanagar,433/3/1 4th Floor 28th Cross 10th Main Opposite To Canara Bank 4th Block Jayanagar Bangalore,Cafe, Chinese, Continental, Fast Food, , , , 
Cake Paradise,Jayanagar,17/1 10th Cross Canara Bank Colony 3rd Block Jayanagar Bangalore,Bakery, Desserts, , , , , , 
Bharjari Oota,Basavanagudi,18 Gandhi Bazar Main Road Roti Ghar Basavanagudi Bangalore,South Indian, , , , , , , 
Toast & Brew Company,Koramangala 1st Block,956 1st Main Koramangala 1st Block Bangalore,Continental, , , , , , , 
Bareerah Multicuisine Restaurant,Vasanth Nagar,9 Opposite Mahaveer Jain Hospital Miller Tank Band Road Vasanth Nagar Bangalore,Arabian, Chinese, North Indian, Fast Food, Beverages, , , 
SodaBottleOpenerWala,Lavelle Road,25/4 Opposite Harley Davidson Showroom Lavelle Road Bangalore,Parsi, Modern Indian, Beverages, Desserts, , , , 
Nandini Deluxe,Banaswadi,Near Petrol Bunk Horamavu Main Road Banaswadi Bangalore,Andhra, Chinese, North Indian, Seafood, Biryani, , , 
Mallika Biryani Centre,Hennur,77 Byrathi Cross Hennur Main Road Hennur Bangalore,South Indian, Biryani, , , , , , 
Basmati's Briyani Nation,Varthur Main Road Whitefield,710 Thubarahalli Varthur Main Road Whitefield Bangalore,Biryani, , , , , , , 
Litti Twist,BTM,43 7th Main Road NS Palaya 2nd Stage BTM Bangalore,North Indian, Bihari, , , , , , 
Kerala Food Club,Koramangala 8th Block,8 Ground Floor 2nd Main Road Nanjappa Layout Addugodi Near Koramangala 8th Block Bangalore,Kerala, Seafood, Biryani, , , , , 
Menaka Foods,Jayanagar,382 Aurobindo Marg 1st Block Jayanagar Bangalore,South Indian, North Indian, Chinese, , , , , 
Cheezz Cakezz,JP Nagar,32 Nayak Layout 8th Phase JP Nagar Bangalore,Bakery, , , , , , , 
Baba Chatkora,Rajajinagar,10th A Plot 59 Cross 2nd Stage Mahalaxmipuram Rajajinagar Bangalore,North Indian, Kebab, , , , , , 
Kabab Mehal,Kanakapura Road,23 Raghuvanahalli Kanakapura Road Bangalore,North Indian, Chinese, Mughlai, , , , , 
Eat Self Serve,Yelahanka,SFS 208 Behind Vivekananda Park 5th Phase Yelahanka Bangalore,North Indian, South Indian, Chinese, Fast Food, , , , 
Pork Special,Whitefield,Delivery Only,Chinese, Naga, , , , , , 
Donne Biryani Hatti,Vasanth Nagar,145 8th Main Road Vasanth Nagar Bangalore,Biryani, South Indian, , , , , , 
Jaipur Cafe,BTM,778 14th Cross 16th Main Road 2nd Stage BTM Bangalore,North Indian, Fast Food, Street Food, , , , , 
125 Gms,HSR,1313 24th Main Road Garden Layout Sector 2 HSR Bangalore,North Indian, Chinese, Fast Food, Beverages, , , , 
Chocoberry,Jayanagar,30 8th F Main Road Jayanagar Bangalore,Ice Cream, Desserts, Beverages, , , , , 
14 Districts,BTM,01 100 Feet Ring Road 1st Phase 2nd Stage BTM Bangalore,Kerala, Beverages, , , , , , 
Sadda Adda,Yelahanka,Kattigenahalli Reva Circle Bagalur Main Road Yelahanka Bangalore,North Indian, Chinese, Fast Food, Biryani, , , , 
McLeans Italian Pizzeria,Ejipura,42/2 20th C Cross Buchappa Layour Ejipura Bangalore,American, Pizza, , , , , , 
Arbor Brewing Company,Brigade Road,8 3rd Floor Allied Grande Plaza Diagonally Opposite Garuda Mall Brigade Road Bangalore,American, Continental, Fast Food, Beverages, , , , 
The Lassi Pub,Indiranagar,110 Ground Floor 18th Main 100 Feet Road Indiranagar Bangalore,Beverages, Ice Cream, , , , , , 
Cake Dilim,Marathahalli,43 C/o SGR Plaza Near Federal Bank Old Airport Road Market Stop Marathahalli Bangalore,Bakery, Desserts, , , , , , 
China Garten,Domlur,Shop 82 Ground Floor Vasanthappa Garden 13th G Main Doopanahalli Domlur Bangalore,Chinese, , , , , , , 
New Uncle Kitchen,Jalahalli,870 Sujatha A Block 2nd Main Ayappa Nagar Jalahalli Bangalore,Biryani, North Indian, Chinese, , , , , 
Flavours Hut,HSR,177 Bhumi Complex 9th Main 7th Sector Opposite Union Bank HSR Bangalore,Kerala, North Indian, Chinese, Seafood, Biryani, , , 
Malleshwaram Dosa Corner,Malleshwaram,251 17th Cross Road Malleshwaram West Malleshwaram Bangalore,South Indian, , , , , , , 
Barkaas- Arabic Restaurant,Marathahalli,90/2 Kishan Icon First Floor Near Innovative Multiplex Marathahalli Bangalore,Arabian, Biryani, Desserts, Beverages, Salad, , , 
Nani's Hyderabad Dum Biryani,Rajajinagar,11th Cross C Block M.R Palya Gayathrinagar Rajajinagar Bangalore,Biryani, Hyderabadi, , , , , , 
Kalinga Darbaar Rolls,Kengeri,Global Village Back Gate Mylasandra Kengeri Bangalore,Rolls, , , , , , , 
Phulke Ghar Ke,Bellandur,18/1 HMR Complex Near Ganesh Temple Bellandur Bangalore,North Indian, , , , , , , 
Khana Khazana,BTM,Delivery Only,North Indian, Mughlai, Biryani, , , , , 
Tata Cha,Phoenix Market City Mall Whitefield,Lower Ground Floor Phoenix Market City Whitefield Bangalore,Cafe, Street Food, Tea, Beverages, , , , 
Spice Up,JP Nagar,228/A 9th Main 10th Cross K.S.R.T.C Layout 2nd Phase JP Nagar Bangalore,Chinese, , , , , , , 
Golden China,Koramangala 1st Block,40 Estilo Canta 1st Main Koramangala 1st Block Bangalore,Chinese, , , , , , , 
Delhi Base Sri Food Court,Electronic City,Near BHEL Velankani Road Electronic City Bangalore,North Indian, Chinese, , , , , , 
WOW! Momo,BTM,802 14th Main Road 2nd Stage Opposite ICICI Bank BTM Bangalore,Momos, , , , , , , 
Indian Grill House,Electronic City,17 C In Keonics 1st Phase Electronic City Bangalore,North Indian, Biryani, Chinese, Mughlai, , , , 
Chianti,Indiranagar,960 12th Main HAL 2nd Stage Indiranagar Bangalore,Italian, , , , , , , 
Shawarma Inc,Koramangala 5th Block,114 1st & 2nd Floor Koramangala Industrial Layout Koramangala 5th Block Bangalore,Lebanese, Fast Food, , , , , , 
Indigo XP,Koramangala 5th Block,5th Floor 6th Block Elite Building Industrial Layout Jyoti Nivas College Road Koramangala 5th Block Bangalore,Finger Food, Continental, Chinese, Italian, North Indian, , , 
The Good Bowl,KR Puram,Site 8 New 1 Channasandra Property 121 2nd Main Road KR Puram Bangalore,Asian, Biryani, North Indian, Desserts, , , , 
Sugarberryz Cakery,Commercial Street,62 Meenakashi Kovil Street Commercial Street Bangalore,Bakery, Desserts, , , , , , 
Thiruvithamkoor Restaurant,Sarjapur Road,3/3 Muniyanna Building Behind Bata Showroom Kaikondrahalli Sarjapur Road Bangalore,Kerala, Seafood, South Indian, Biryani, , , , 
Bangarpet Pani Poori,Banaswadi,5 Raghu Building 2nd Cross Horamavu Main Road Banaswadi Bangalore,Street Food, , , , , , , 
Khawa Karpo,Koramangala 5th Block,50/1 Near Jyothi Nivas College Koramangala 5th Block Bangalore,Chinese, Tibetan, , , , , , 
De Grand Restaurant,Hennur,1 Hegde Nagar Opposite Max Super Market Kothnur Main Road K Narayanapura Hennur Bangalore,North Indian, Chinese, , , , , , 
Pind Balluchi,Forum Neighbourhood Mall Whitefield,Shop 216 - 219 2nd Floor Forum Neighbourhood Mall Prestige Ozone 62 Whitefield Bangalore,North Indian, Mughlai, , , , , , 
Samosa Singh,RT Nagar,Delivery Only,Street Food, North Indian, Beverages, , , , , 
Breezy Cow Bar,Kaggadasapura,Shop 62 1st A Cross SSB Towers Opposite Nilgirs Vignan Nagar Main Road New Tippasnadra Kaggadasapura Bangalore,Beverages, Ice Cream, , , , , , 
Udupi Upahar,Banashankari,1585 22nd Main 1st Stage Near SBM Colony Bus Stop Banashankari Bangalore,South Indian, Chinese, North Indian, Juices, , , , 
Zaatar,KR Puram,Ground Floor Mereside Heights Near Tin Factory Swami Vivekananda Road Sakshi Nagar Pai Layout KR Puram Bangalore,BBQ, Arabian, North Indian, Biryani, , , , 
Taste Of Tibet,Brigade Road,5 Rest House Road Indo Dubai Plaza 2nd Floor Off Brigade Road Bangalore,Tibetan, Chinese, Momos, , , , , 
KorYeah! Chicken & Grill,HSR,1/120 14th Main Road 5th Sector HSR Bangalore,Korean, , , , , , , 
Dhaba Social,Brookefield,5/3 BEML Layout Varthur Main Road Kundanahalli Gate Brookefield Bangalore,North Indian, , , , , , , 
Sammaan Restaurant,Jalahalli,182 HSR Square Hesaraghatta Main Road T Darsarahalli Jalahalli Bangalore,North Indian, Chinese, Continental, Biryani, , , , 
Mainland China,Whitefield,28/2 1st Floor Siddapura Whitefield Main Road Whitefield Bangalore,Chinese, Asian, Sushi, Japanese, Thai, , , 
Maravanthe,Indiranagar,322/1 1st Floor CMH Road Indiranagar Bangalore,Seafood, Mangalorean, , , , , , 
Frost & Feather,HSR,Shop 3 1197 Ground Floor Falak Complex 22nd Cross Sector 2 HSR Bangalore,Cafe, Pizza, Desserts, Beverages, , , , 
Shiro,UB City,2nd Floor UB City Mall Vittal Mallya Road Lavelle Road Bangalore,Japanese, Asian, , , , , , 
Raichur Biryani House,HSR,A174 19th Main Road 17th Cross 4th Sector HSR Bangalore,Biryani, North Indian, Chinese, , , , , 
Cafe Burgerista,Kalyan Nagar,Delivery Only,Burger, Sandwich, Beverages, , , , , 
Shezan,Cunningham Road,Sultan Shah Complex Cunningham Road Bangalore,Chinese, Continental, North Indian, Mughlai, Steak, , , 
Manny's Smoothie Bar,Koramangala 1st Block,86 Jakkasandra Village Near IIFL Gold Loan Sarjapur Road BTM Layout Koramangala 1st Block Bangalore,Beverages, Desserts, , , , , , 
Zeeshan,JP Nagar,1 Gopal Reddy Layout 18th Cross 21st Main 5th Phase JP Nagar Bangalore,North Indian, Kebab, Biryani, Rolls, , , , 
Nammane Biryani,Rajajinagar,7th Cross Market Road Lakshminarayana Pura Near Lakshmi Jayam English School Rajajinagar Bangalore,Biryani, Chinese, , , , , , 
Hyderabad Darbar,Electronic City,10 Shanthipura Road Near HDFC Bank Phase 2 Electronic City Bangalore,Andhra, South Indian, Chinese, , , , , 
Flames Pizza,Yelahanka,Shop 792 2nd Main Road Mother Dairy Circle New Town Yelahanka Bangalore,Pizza, Fast Food, , , , , , 
Kerala Tiffin,Whitefield,Delivery Only,Kerala, Seafood, Biryani, , , , , 
Momo Rice Noodles,BTM,61 Muninarasimaiah Garden 7th Cross Thaverekere Main Road 1st Stage BTM Bangalore,Chinese, , , , , , , 
MP07 Cafe,BTM,#59/1-2 5th Main 18th Cross NS Palya BTM 2nd Stage BTM Bangalore,North Indian, Street Food, , , , , , 
MOJO Pizza - 2X Toppings,BTM,Liss Arcade 16th Main Road 2nd Stage BTM Bangalore,Pizza, Italian, Fast Food, Desserts, , , , 
Plates Restaurant,Yeshwantpur,27 Ground Floor 4th Cross 4th Main MSR College Road Mathikere Yeshwantpur Bangalore,Fast Food, Chinese, North Indian, Seafood, , , , 
Fiero! Pizzeria,Koramangala 6th Block,15 19th Main 60 Feet Road Koramangala 6th Block Bangalore,Pizza, Italian, Fast Food, , , , , 
S Square Family Restaurant,Bannerghatta Road,33 & 34 Mutrswamy Layout 8th Cross Hulimavu Bannerghatta Road Bangalore,Kerala, Seafood, North Indian, South Indian, Fast Food, Chinese, , 
Hotel Nalapaka,Rajajinagar,28 12th Main 1st Block Rajajinagar Bangalore,South Indian, , , , , , , 
The Pulkawala,Bommanahalli,336/2 Tallam Arcade Bommanahalli Industrial Area Near ICICI Bank Bommanahalli Bangalore,North Indian, Street Food, , , , , , 
Cheesiaano Pizza,Bannerghatta Road,3 Panduranga Nagar Doesanipalya Govinda Reddy Layout Arekere Bannerghatta Road Bangalore,Pizza, Italian, , , , , , 
San Churro Cafe,Banashankari,1112 17th Cross 2nd Stage Near KIMS Medical College Banashankari Bangalore,Cafe, Mexican, Italian, Pizza, Desserts, Beverages, , 
Burger Toll,BTM,Ground Floor Opposite MK Residency 7th Main Road BTM Bangalore,Burger, Fast Food, Pizza, Sandwich, , , , 
EAT - East Asian Treats,Electronic City,47/7 1st Floor Nanjunda Reddy Complex Doddathogur Near Velankani Gate 2 Electronic City Bangalore,Asian, Chinese, Thai, Seafood, Fast Food, , , 
Savoury - Sea Shell Restaurant,BTM,28 1st Cross Maruthi Nagar Madiwala BTM Bangalore,Arabian, North Indian, Chinese, Fast Food, , , , 
Carlos Cake Cafe,Marathahalli,16 17 & 18 SGR Dental College Road Munekolal Marathahalli Bangalore,Bakery, Desserts, , , , , , 
Pork Parotta Paradise,KR Puram,12 1st Cross RR Layout Opposite Bharat Petrol Pump KR Puram Bangalore,Fast Food, , , , , , , 
Marenahalli Donne Biriyani,JP Nagar,24 1st A Cross 2nd Phase Main Road JP Nagar Bangalore,Biryani, , , , , , , 
New Royal Darbar,Yelahanka,169 1st Main 4th Phase New Town Yelahanka Bangalore,North Indian, Chinese, Biryani, , , , , 
Hari Super Sandwich,BTM,24 Shop 2 Ground Floor 3rd B Cross Road 18th Main Road Roopa Nagar 2nd stage BTM Bangalore,Sandwich, Fast Food, , , , , , 
Bangalore Mandarin,Whitefield,619 2nd Floor Whitefield Main Road Whitefield Bangalore,Chinese, Seafood, , , , , , 
Sriracha,UB City,204 2nd Level 4th Floor Comet Block UB City Vittal Mallya Road Lavelle Road Bangalore,Thai, Chinese, Asian, Beverages, , , , 
Fat Owl,JP Nagar,610 100 Feet Ring Road 15th Cross Road 1st Phase JP Nagar Bangalore,Finger Food, American, Asian, Steak, North Indian, South Indian,, 
Basil Bistro,HSR,2064 Siri Iris 13th Cross 24th Main Vanganhalli Sector 1 HSR Bangalore,Continental, Italian, North Indian, Chinese, , , , 
Waffle Cream Shakes,Koramangala 7th Block,335 Temple Tree Complex Someshwara Temple Road KHB Colony Koramangala 7th Block Bangalore,Desserts, Ice Cream, Beverages, , , , , 
Punjabi Nukkad Pure Veg,HSR,108/2 Lakedew Residency HSR Bangalore,North Indian, Chinese, , , , , , 
United Mess,Jalahalli,67 Gyanajyothi Nagar Soladevanahalli Near Acharya College Jalahalli Bangalore,Biryani, Chinese, , , , , , 
Maven Kitchen,Ejipura,162 1st Cross R.A Road Viveknagar Ejipura Bangalore,Chinese, , , , , , , 
Amintiri,Indiranagar,Delivery Only,Bakery, Desserts, , , , , , 
Coco Barista,BTM,18th Main 2nd Stage Opposite Canara Bank BTM Bangalore,Cafe, , , , , , , 
Sandwich Guru,HSR,54/1 1st Floor 24th Main Road Sector 2 Parangipalya HSR Bangalore,Sandwich, Fast Food, Beverages, , , , , 
Olive Bar And Kitchen,Richmond Road,16 Wood Street Ashok Nagar Richmond Road Bangalore,Mediterranean, European, Salad, Italian, , , , 
Altaf's Chillies Restaurant,Frazer Town,32/1 Hutchins Road Cooke Town Frazer Town Bangalore,North Indian, Chinese, , , , , , 
Bathinda Dine,Bellandur,457/32 Opposite Bangalore Central Mall Outer Ring Road Bellandur Bangalore,North Indian, , , , , , , 
Fish Corner,Yeshwantpur,1065 Triveni Road Gokul Extention MS Ramaiah Bus Stop Mathikere Yeshwantpur Bangalore,North Indian, Chinese, Seafood, , , , , 
Masala Street,Whitefield,128 EPIP Phase 2 SAP Labs Road Opposite KTPO EPIP Zone Whitefield Bangalore,North Indian, , , , , , , 
Sharma's Punjabi Restaurant,Koramangala 1st Block,1018 80 Feet Road Koramangala 1st Block Bangalore,North Indian, Chinese, Kebab, , , , , 
Floured-Baked With Love,Banashankari,415 1st C Cross 3rd Stage 5th Block Banashankari Bangalore,Bakery, , , , , , , 
Foodite,Nagawara,Delivery Only,North Indian, Chinese, Biryani, , , , , 
Treat Restaurant,Hebbal,6/1 2nd Cross Road Vinayaka Layout Kempapura Hebbal Bangalore,Chinese, North Indian, South Indian, Juices, , , , 
Shift,HSR,1085 14th Main 18th Cross Sector 3 HSR Bangalore,Finger Food, Continental, North Indian, Pizza, , , , 
Shan's Kitchen,Marathahalli,Shop 1 Site 4 60 Feet Road Lakshminayarana Pura Aecs Layout Marathahalli Bangalore,South Indian, Tamil, Chinese, Biryani, , , , 
Fishing Boat,New BEL Road,2 1st Cross Om Adi Shakti Krupa MSRE College Road Mathikere Extension New BEL Road Bangalore,Kerala, South Indian, North Indian, Chinese, Seafood, , , 
Plated,New BEL Road,70 80 Feet Road RMV 2nd stage New BEL Road Bangalore,Cafe, Continental, , , , , , 
Odisha Platter,Marathahalli,136 4th A Cross Shirdi Sai Nagar Opposite Saptagiri Homes Apartments Munekollala Marathahalli Bangalore,Odia, Chinese, , , , , , 
Ayodhya Upachar,Banashankari,199/1 Ajanaya Bhavana 100 Feet Ring Road Kathriguppe Banashankari Bangalore,South Indian, North Indian, Chinese, Street Food, Beverages, , , 
Rusbury Fresh Sweets And Savouries,Bommanahalli,Delivery Only,Mithai, Street Food, , , , , , 
Namma Madurai,Kaggadasapura,25 Shanthi Sadhan Kaggadasapura Main Road Near Malleshpalaya New Bus Stand Kaggadasapura Bangalore,South Indian, , , , , , , 
The Biryani Cart,Whitefield,1/1 Kumbena Agrahara Near Nps School Kadugodi Plantation Whitefield Bangalore,Biryani, , , , , , , 
Krishna Vaibhava,Vijay Nagar,1712 17th Cross 21st Main Near Maruthi Mandir Vijay Nagar Bangalore,South Indian, North Indian, Chinese, Mithai, , , , 
Prost Brew Pub,Whitefield,21 11th Floor Trifecta Adatto ITPB Main Road Garudachar Palya Mahadevapura Whitefield Bangalore,North Indian, American, Continental, Pizza, , , , 
Firangi Bake,Jayanagar,Delivery Only,Italian, Mexican, , , , , , 
Matteo Coffea,Church Street,2 Church Street Bangalore,Cafe, , , , , , , 
The Biryani Life,Jayanagar,Delivery Only,Biryani, North Indian, , , , , , 
Biryani Headquaters,BTM,Delivery Only,Biryani, Chinese, , , , , , 
Cafe 60 Four,Yelahanka,1st Floor Site 904/1 1st Main Road Near IDBI Bank Yelahanka Bangalore,Cafe, Fast Food, Chinese, Beverages, Italian, Desserts, , 
New Kabab Zone,Bannerghatta Road,1057 Devarachikkanahalli Road Vijay Bank Colony Opposite Oh My Baby Bannerghatta Road Bangalore,North Indian, Chinese, Rolls, , , , , 
7 Plates,RT Nagar,12 Rahmathnagar Bus Stop RT Nagar Bangalore,North Indian, Mughlai, Chinese, Fast Food, , , , 
Garhwali Tadka,Electronic City,150 Muni Redy Building Neotown Road Near Smondo 2.0 Electronic City Bangalore,North Indian, Chinese, Fast Food, Beverages, , , , 
Carnatic,JP Nagar,55 4th Floor Goenka Chambers 19th Main Road JP Nagar Bangalore,South Indian, Kerala, Andhra, Biryani, Chettinad, Konkan, Mangalorean, 
Hotel N.G.T Non-Veg,Rajarajeshwari Nagar,88/A Halage Vaderahalli BEML Layout 5th Stage Rajarajeshwari Nagar Bangalore,South Indian, Mangalorean, , , , , , 
New Paratha Corner,Whitefield,14 ECC Road Near GR Tech Park Whitefield Bangalore,North Indian, Chinese, , , , , , 
Pot-O-Noodles,Indiranagar,201 Double Road Indiranagar Bangalore,Chinese, Asian, Japanese, , , , , 
Udupi Grand Veg,Whitefield,710 Thubarahalli Varthur Main Road Whitefield Bangalore,South Indian, North Indian, Biryani, Chinese, , , , 
Tadka Punjabi Restaurant,Whitefield,937/HK 147 Survey 41 Ground Floor Opposite ICICI Bank Main Road Whitefield Bangalore,North Indian, Chinese, , , , , , 
Aurum Brew Works,Sarjapur Road,82/2 3rd Floor Gold Sand Doddakannalli Mahadevapura Sarjapur Road Bangalore,North Indian, American, Continental, Desserts, Beverages, , , 
Giselle Resto Cafe,Kammanahalli,13 Captain Munshi Layout Kammanahalli Bangalore,Cafe, Continental, Beverages, , , , , 
Cafe Del Sol,Nagarbhavi,18 5th Cross 14th Block 2nd Stage Nagarbhavi Bangalore,Cafe, Continental, North Indian, Chinese, Italian, Desserts, , 
Laddoos,Electronic City,SJR Equinox Opposite Velankani Gate 3 Phase1 Electronic City Bangalore,Street Food, Mithai, , , , , , 
Thai Chy,Indiranagar,197/A Double Road 2nd Stage Opposite HDFC Bank Indiranagar Bangalore,Asian, Thai, Indonesian, Chinese, , , , 
Dal Roti Sabji,Indiranagar,5 80 Feet Road1st Stage H Colony Indiranagar Bangalore,North Indian, , , , , , , 
Classic Kitchen,Ulsoor,Delivery Only,North Indian, Rolls, Wraps, Burger, , , , 
Reddy Home Mess,Yelahanka,114 B-2 7th B Cross Near RTO Office Yelahanka Bangalore,Andhra, Biryani, North Indian, , , , , 
Doughpaze,Banashankari,867 80 Feet Road 1st Phase Girinagar Banashankari Bangalore,Bakery, Fast Food, Beverages, , , , , 
Moti Mahal Delux,HSR,331 Ground Floor 27th Main 2nd Stage HSR Bangalore,North Indian, Mughlai, Biryani, , , , , 
Shuchi Ruchi,Malleshwaram,92 1st Main 10th Cross Temple Road Sampige Road Malleshwaram Bangalore,Chinese, North Indian, Street Food, South Indian, Fast Food, , , 
Park Street Restaurant,Hebbal,2 Ground Floor 18th Cross Dasarahalli Main Road Bhubaneswari Nagar Hebbal Bangalore,Bengali, North Indian, , , , , , 
Moghul Durbar Restaurant,Jayanagar,30th Cross Tilak Nagar Main Road Jayanagar Bangalore,North Indian, BBQ, Kebab, Rolls, , , , 
Cake Chemistry,Jayanagar,1375 Prasanna Arcade East End Main Road Jayanagar Bangalore,Bakery, Desserts, Ice Cream, Fast Food, , , , 
Good Meals,Jeevan Bhima Nagar,14 2nd Floor 10th Main Road HAL 3rd Stage Jeevan Bhima Nagar Bangalore,North Indian, South Indian, , , , , , 
2 Mum's Kitchen,Marathahalli,Delivery Only,North Indian, Chinese, , , , , , 
Sanchez Taqueria & Cantina,Indiranagar,608 12th Main Road 2nd Stage Indiranagar Bangalore,Mexican, Tex-Mex, Beverages, , , , , 
1522 - The Pub,JP Nagar,613 Opposite Sindhoor Convention Center 15th Cross 6th Phase 100 Feet Road JP Nagar Bangalore,Chinese, North Indian, Mughlai, Finger Food, Seafood, , , 
Brahma Brews,JP Nagar,24th Main 7th Phase Opposite Brigade Palm Springs JP Nagar Bangalore,Bar Food, Asian, Italian, North Indian, Fast Food, European, , 
5th Avenue Cafe,Koramangala 5th Block,44 Terrace Floor 4th B-Cross Road Industrial Layout Koramangala 5th Block Bangalore,Cafe, Italian, Continental, , , , , 
Mylunchboxx - Imu's Kitchen,KR Puram,Delivery Only,Kerala, , , , , , , 
Aioli,Kalyan Nagar,7 5th Main 2nd Block Kalyan Nagar Bangalore,Mediterranean, Continental, Italian, Salad, , , , 
Broadway - The Gourmet Theatre,HSR,2802 27th Main Road Sector 1 HSR Bangalore,Japanese, Sushi, Continental, Asian, North Indian, , , 
M/S. Sai Anandamm Hotel,Whitefield,1st Floor Bhathyappa Building ITPL Back Gate Pattandur Agrahara Whitefield Bangalore,North Indian, Chinese, , , , , , 
House Of Commons,Koramangala 5th Block,122/B Jyothi Nivas Road Koramangala 5th Block Bangalore,Bar Food, Asian, North Indian, Continental, Italian, , , 
Vapour Brewpub and Diner,Sarjapur Road,7th Floor Bren Mercury Kaikondrahalli Junction Sarjapur Road Bangalore,North Indian, Continental, Italian, , , , , 
Sri Vishnu Park,BTM,14 29th Main 100 Feet Road 1st Stage BTM Bangalore,South Indian, North Indian, Chinese, Biryani, , , , 
Bowlsome By Ola Foods,Indiranagar,Delivery Only,North Indian, Thai, Chinese, Desserts, , , , 
Chicken County Restaurant,Bannerghatta Road,13 Opposite Spar Hyper Market Bannerghatta Road Bangalore,North Indian, Chinese, Mughlai, Seafood, Bengali, Desserts, Ice Cream,
Malabar Hotel,Yelahanka,Hesarghata Main Road Vidyaranyapura Post Yelahanka Bangalore,South Indian, North Indian, , , , , , 
